,brand,store,sido,gungu,address,phone
0,pelicana,당산점,서울,영등포구,서울 영등포구 선유로53길10,02-2633-9282
1,pelicana,루원시티점,인천,서구,인천 서구 청중로478번길24,032-566-3977
2,pelicana,안정점,경남,통영시,경남 통영시 광도면 안정1길42,055-649-5585
3,pelicana,의정부중앙점,경기,의정부시,경기 의정부시 태평로135,031-848-3999
4,pelicana,대구상동점,대구,수성구,대구 수성구 상화로47,053-768-7776
5,pelicana,미아역점,서울,강북구,서울 강북구 도봉로146,02-981-8888
6,pelicana,범박점,경기,부천시,경기 부천시 소사구 양지남로51번길7-7,032-344-1145
7,pelicana,송도레이크점,인천,연수구,인천 연수구 아카데미로312번길177,032-833-8323
8,pelicana,부산역점,부산,동구,부산 동구 초량로 46-2 (초량동),051-441-7922
9,pelicana,자양우송대점,대전,동구,대전 동구 대동로12,042-622-5144
10,pelicana,신대점,전남,순천시,전남 순천시 해룡면 신대로10,061-727-9282
11,pelicana,성주가천점,경북,성주군,경북 성주군 가천면 창금로317,054-932-9282
12,pelicana,본리점,대구,달서구,대구 달서구 구마로230,053-652-5222
13,pelicana,별내점,경기,남양주시,경기 남양주시 별내동1007-4,031-528-1282
14,pelicana,대련점,경북,포항시,경북 포항시 북구 흥해읍 연화길12,054-261-4327
15,pelicana,대구중리점,대구,서구,대구 서구 국채보상로34길12,053-559-9989
16,pelicana,노은점,대전,유성구,대전 유성구 은구비남로33번길5,042-710-8989
17,pelicana,고곡점,경남,창녕군,경남 창녕군 남지읍 고곡길2,055-536-3710
18,pelicana,개포점,서울,강남구,서울 강남구 논현로16길10-3,02-529-5557
19,pelicana,양평역점,서울,영등포구,서울 영등포구 영등포로55,02-2675-7787
20,pelicana,연제점,부산,연제구,부산 연제구 안연로30,051-715-8288
21,pelicana,나사렛역점,충남,천안시,충남 천안시 서북구 쌍용19로21,041-571-9292
22,pelicana,광교웰빙타운점,경기,수원시,경기 수원시 영통구 대학로101,031-216-8818
23,pelicana,만수시장점,인천,남동구,인천 남동구 만수로7,032-465-7479
24,pelicana,산본역점,경기,군포시,경기 군포시 번영로495,031-391-7776
25,pelicana,경성부경대점,부산,남구,부산 남구 수영로266번길108,051-256-8066
26,pelicana,송산효자점,경기,의정부시,경기 의정부시 부용로 207-1,031-928-6633
27,pelicana,거여점,서울,송파구,서울 송파구 오금로64길3,02-402-9288
28,pelicana,신월남부점,서울,양천구,서울 양천구 오목로15,02-2694-0310
29,pelicana,화곡역점,서울,강서구,서울 강서구 화곡로31다길20,02-2604-2299
30,pelicana,영통구청점,경기,수원시,경기 수원시 영통구 인계로292번길42-5,031-212-3451
31,pelicana,백양점,부산,부산진구,부산 부산진구 개금본동로17번길10,051-987-1059
32,pelicana,논산내동점,충남,논산시,충남 논산시 시민로132번길48,041-733-9982
33,pelicana,성본점,충북,음성군,충북 음성군 대소면 성본상가로49,043-877-8292
34,pelicana,죽변항점,경북,울진군,경북 울진군 죽변면 죽변중앙로168-58,054-782-8259
35,pelicana,복현점,대구,북구,대구 북구 동북로61길11-2,053-944-8292
36,pelicana,만촌점,대구,수성구,대구 수성구 만촌로49-2,053-741-7779
37,pelicana,대구불로점,대구,동구,대구 동구 팔공로31길6-3,053-985-1839
38,pelicana,대구시청점,대구,중구,대구 중구 경상감영길227,053-255-3303
39,pelicana,공릉점,서울,노원구,서울 노원구 동일로173가길64,02-971-9282
40,pelicana,신촌점,서울,서대문구,서울 서대문구 이화여대3길27,02-363-9282
41,pelicana,목행점,충북,충주시,충북 충주시 행정9길32,043-723-1315
42,pelicana,고한사북점,강원,정선군,강원 정선군 고한읍 고한2길55,033-591-4477
43,pelicana,둔내점,강원,횡성군,강원 횡성군 둔내면 둔내로56,033-344-9192
44,pelicana,엄궁점,부산,사상구,부산 사상구 대동로40,051-322-5785
45,pelicana,통진점,경기,김포시,경기 김포시 통진읍 마송1로9,031-996-2221
46,pelicana,대림점,서울,영등포구,서울 영등포구 디지털로397,02-833-8292
47,pelicana,원미점,경기,부천시,경기 부천시 원미구 조종로7번길33,032-666-6668
48,pelicana,광명소하점,경기,광명시,경기 광명시 소하로92번길12,02-899-5589
49,pelicana,산곡점,인천,부평구,인천 부평구 화랑북로7,032-513-8882
50,pelicana,동수역점,인천,부평구,인천 부평구 동수로7,032-501-9341
51,pelicana,사송점,경남,양산시,경남 양산시 동면 내송큰들로141,055-785-0301
52,pelicana,동래시장점,부산,동래구,부산 동래구 명륜로112번길41,051-555-8485
53,pelicana,송탄신장점,경기,평택시,경기 평택시 지산로11번길6,031-666-2095
54,pelicana,일동점,경기,안산시,경기 안산시 상록구 석삼말로19,031-408-0819
55,pelicana,풍무역점,경기,김포시,경기 김포시 풍무로176,031-988-4888
56,pelicana,운남점,인천,중구,인천 중구 흰바위로284,032-751-3355
57,pelicana,석바위시장역점,인천,남동구,인천 남동구 구월로40번길13,032-710-6424
58,pelicana,세류2점,경기,수원시,경기 수원시 권선구 정조로431-2,031-222-7292
59,pelicana,호계점,경기,안양시,경기 안양시 동안구 엘에스로45번길20,031-427-9969
60,pelicana,강남반포점,서울,서초구,서울 서초구 강남대로79길48,02-545-1005
61,pelicana,둔촌점,서울,강동구,서울 강동구 명일로13길20,02-476-2016
62,pelicana,상도점,서울,동작구,서울 동작구 상도로30길19,02-6080-5280
63,pelicana,남산외대점,부산,금정구,"부산 금정구 남산로28, 1층(남산동, 산정빌딩)",051-517-9989
64,pelicana,오전점,경기,의왕시,경기 의왕시 전주남이길8,031-427-9989
65,pelicana,오성점,전남,광양시,전남 광양시 광양읍 예구6길29,061-913-9282
66,pelicana,망양이편한세상점,울산,울주군,울산 울주군 온양읍 망양3길42,052-238-5127
67,pelicana,지사동점,부산,강서구,부산 강서구 과학산단로334번길7,051-710-0360
68,pelicana,중마점,전남,광양시,전남 광양시 길호1길30,061-793-9289
69,pelicana,개금점,부산,부산진구,부산 부산진구 가야공원로22,051-715-7792
70,pelicana,사남점,경남,사천시,경남 사천시 사남면 월성1길15-31,055-786-7676
71,pelicana,낙민수안점,부산,동래구,부산 동래구 수안로8번길35,051-924-0092
72,pelicana,송절점,충북,청주시,충북 청주시 흥덕구 송화로150번길7-16,043-267-3622
73,pelicana,의정부용현점,경기,의정부시,경기 의정부시 용민로18,031-853-8539
74,pelicana,반달섬점,경기,안산시,경기 안산시 단원구 엠티브이17로36,031-8042-2822
75,pelicana,소사점,경기,부천시,경기 부천시 소사구 호현로455,032-211-9100
76,pelicana,북위례점,경기,하남시,경기 하남시 위례대로6길20-2,02-402-7292
77,pelicana,내곡회산점,강원,강릉시,강원 강릉시 범일로579번길29-6,033-643-3744
78,pelicana,영등포본동점,서울,영등포구,서울 영등포구 영신로9나길17,02-845-0451
79,pelicana,병방점,인천,계양구,인천 계양구 계양산로215번길20,032-544-5592
80,pelicana,수청지구점,충남,당진시,충남 당진시 대덕1로102-15,041-355-5566
81,pelicana,아주대점,경기,수원시,경기 수원시 팔달구 중부대로220번길10,031-217-4941
82,pelicana,담빛호수점,전남,담양군,전남 담양군 담양읍 태왕3로88-9,061-383-9282
83,pelicana,동명계림점,광주,동구,광주 동구 필문대로252,062-710-9585
84,pelicana,범물점,대구,수성구,대구 수성구 범물동1369-11,053-782-7631
85,pelicana,삼계에버랜드점,경기,용인시,경기 용인시 처인구 포곡읍 포곡로297번길1,031-337-3133
86,pelicana,연동점,제주,제주시,제주 제주시 사장2길31,064-742-7792
87,pelicana,완도점,전남,완도군,전남 완도군 완도읍 개포로154-6,061-552-9283
88,pelicana,지웰복대점,충북,청주시,충북 청주시 흥덕구 증안로22번길13-12,043-236-5444
89,pelicana,진주혁신도시점,경남,진주시,경남 진주시 충의로119,055-755-1158
90,pelicana,용이스타필드점,경기,평택시,경기 평택시 현신7길23,031-692-9992
91,pelicana,센텀점,부산,해운대구,부산 해운대구 해운대로 76번길52,051-784-6667
92,pelicana,박사로점,강원,춘천시,강원 춘천시 서면 박사로 929,033-242-5485
93,pelicana,서창2점,인천,남동구,인천 남동구 서창남순환로10번길16-10,032-467-4407
94,pelicana,작전점,인천,계양구,인천 계양구 주부토로386,032-546-7773
95,pelicana,삼척교동점,강원,삼척시,강원 삼척시 청석로75-19,033-572-9392
96,pelicana,신창점,충남,아산시,충남 아산시 신창면 행목로217,041-545-9989
97,pelicana,둔곡점,대전,유성구,대전 유성구 과학지원4길13,042-933-2365
98,pelicana,주안북부점,인천,미추홀구,인천 미추홀구 길파로27번길43,032-875-3224
99,pelicana,보라점,경기,용인시,경기 용인시 기흥구 한보라1로10번길5,031-283-7942
100,pelicana,동탄호수점,경기,화성시,경기 화성시 동탄대로1길32,031-374-9399
101,pelicana,김천부상점,경북,김천시,경북 김천시 남면 농남로1053,054-434-7999
102,pelicana,강릉옥계점,강원,강릉시,강원 강릉시 옥계면 현내시장길57,033-533-9979
103,pelicana,쌍촌점,광주,서구,광주 서구 월드컵4강로181번길26,062-371-9281
104,pelicana,송도월드마크점,인천,연수구,인천 연수구 컨벤시아대로50,032-832-8328
105,pelicana,망포아이파크캐슬점,경기,화성시,경기 화성시 동탄지성로469번길60,031-8050-0917
106,pelicana,성남은행점,경기,성남시,경기 성남시 중원구 산성대로582번길10,031-733-9292
107,pelicana,봉선점,광주,남구,광주 남구 대남대로171번길7,062-710-8595
108,pelicana,호명점,경북,예천군,경북 예천군 호명면 행복로177,054-653-9253
109,pelicana,도래울점,경기,고양시,경기 고양시 덕양구 도래울2로 3,031-963-7077
110,pelicana,궐동점,경기,오산시,경기 오산시 궐리사로8,031-372-9257
111,pelicana,학익점,인천,미추홀구,인천 미추홀구 소성로230,032-875-9282
112,pelicana,송내점,경기,부천시,경기 부천시 송내대로16,032-710-3477
113,pelicana,미사강변점,경기,하남시,경기 하남시 미사강변한강로158번길138,031-8027-8388
114,pelicana,원종역점,경기,부천시,경기 부천시 원종로65번길14-23,032-678-8825
115,pelicana,동탄역점,경기,화성시,경기 화성시 동탄대로591,031-376-8252
116,pelicana,양지점,경기,용인시,경기 용인시 처인구 양지면 양지로148번길7,031-322-8282
117,pelicana,상대점,경남,진주시,경남 진주시 동진로167번길15-8,055-762-9982
118,pelicana,진동점,경남,창원시,경남 창원시 마산합포구 진동면 신서촌2길34,055-271-9905
119,pelicana,진주문산점,경남,진주시,경남 진주시 문산읍 소문길51,055-761-9992
120,pelicana,한강센트럴자이점,경기,김포시,경기 김포시 태장로823,031-996-2845
121,pelicana,개운한신점,강원,원주시,강원 원주시 송림길48,033-766-9262
122,pelicana,정림점,대전,서구,대전 서구 정림로70번길 6,042-583-9945
123,pelicana,신봉점,경기,용인시,경기 용인시 수지구 신봉1로157,031-261-9282
124,pelicana,청북점,경기,평택시,경기 평택시 청북읍 안청로2길33-36,031-682-2223
125,pelicana,엄사점,충남,계룡시,"충남 계룡시 엄사면 전원1길 33-9, 1층",042-841-1159
126,pelicana,검단파라곤센트럴점,인천,서구,인천 서구 이음2로29,032-566-5573
127,pelicana,동양대점,경기,동두천시,경기 동두천시 평화로2784,031-866-9285
128,pelicana,백천점,경북,경산시,경북 경산시 경청로219길4-6,053-816-8777
129,pelicana,흥남점,경남,거제시,경남 거제시 장목면 흥남길52,055-736-0562
130,pelicana,봉림점,경남,창원시,경남 창원시 의창구 대봉로20,055-277-8295
131,pelicana,해운대중동점,부산,해운대구,부산 해운대구 좌동순환로8번길78,051-701-9292
132,pelicana,임동신안점,광주,북구,광주 북구 태봉로9,062-524-9291
133,pelicana,일산점,경기,고양시,경기 고양시 일산서구 고양대로706-25,031-977-9270
134,pelicana,울진북면점,경북,울진군,경북 울진군 북면 덕구온천로28,054-783-0747
135,pelicana,오천남부점,전남,순천시,전남 순천시 우석로134,061-745-9289
136,pelicana,영광점,전남,영광군,전남 영광군 영광읍 중앙로136,061-351-9289
137,pelicana,안목해변점,강원,강릉시,강원 강릉시 견소동237,033-652-9282
138,pelicana,신항점,경남,창원시,경남 창원시 진해구 신항4로41-34,055-552-1882
139,pelicana,구미신평점,경북,구미시,경북 구미시 칠성로2길39,054-444-0202
140,pelicana,소양점,강원,춘천시,강원 춘천시 소양로186,033-255-8881
141,pelicana,청주성안점,충북,청주시,충북 청주시 상당구 단재로24-2,043-259-7527
142,pelicana,삼천점,전북,전주시,전북 전주시 완산구 삼천천변1길17,063-211-9282
143,pelicana,삼문점,경남,밀양시,경남 밀양시 중앙로234-3,055-354-8592
144,pelicana,산성복수점,대전,중구,대전 중구 산성동119-1,042-585-1188
145,pelicana,무선점,전남,여수시,전남 여수시 성산6길53-9,061-682-9982
146,pelicana,명서점,경남,창원시,경남 창원시 의창구 명지로82-11,055-288-9290
147,pelicana,남면혁신점,경북,김천시,경북 김천시 남면 천동길303-5,054-439-8809
148,pelicana,구좌점,제주,제주시,제주 제주시 구좌읍 덕행로262-11,064-782-0099
149,pelicana,구룡포점,경북,포항시,경북 포항시 남구 구룡포읍 구룡포길86,054-276-9985
150,pelicana,교현안림점,충북,충주시,충북 충주시 연원10길15,043-848-2918
151,pelicana,고암장락점,충북,제천시,충북 제천시 용두천로378,043-643-5808
152,pelicana,고성점,경남,고성군,경남 고성군 고성읍 성내로92,055-672-9290
153,pelicana,창현점,경기,남양주시,경기 남양주시 화도읍 경춘로1922번길13,031-593-9982
154,pelicana,풍산점,경기,하남시,경기 하남시 신평로168,031-8027-9295
155,pelicana,송도랜드마크점,인천,연수구,인천 연수구 아트센터대로168번길100,032-831-3834
156,pelicana,방서지구점,충북,청주시,충북 청주시 상당구 2순환로2031,043-288-9287
157,pelicana,강서점,충북,청주시,충북 청주시 흥덕구 서현북로 80,043-233-5444
158,pelicana,용암점,충북,청주시,충북 청주시 상당구 월평로203,043-295-1112
159,pelicana,대흥대사점,대전,중구,대전 중구 충무로 73,042-254-9942
160,pelicana,고덕좌교점,경기,평택시,경기 평택시 고덕국제5로160,031-662-9982
161,pelicana,시흥시청점,경기,시흥시,경기 시흥시 시청로72번길15-3,031-318-9946
162,pelicana,고척점,서울,구로구,서울 구로구 경인로35길49,02-2619-6625
163,pelicana,우산점,강원,원주시,강원 원주시 우산초교길58,033-733-1217
164,pelicana,월평점,대전,서구,대전 서구 월평중로50,042-486-9536
165,pelicana,백운역점,인천,부평구,인천 부평구 마장로36번길26,032-501-9282
166,pelicana,가평북면점,경기,가평군,경기 가평군 북면 화악산로 11,031-582-7114
167,pelicana,옥정점,경기,양주시,"경기 양주시 새터로 21-10 , 102호",031-862-9902
168,pelicana,자양점,서울,광진구,서울 광진구 뚝섬로55길22,02-455-8292
169,pelicana,천호점,서울,강동구,서울 강동구 천중로72,02-474-4467
170,pelicana,오창1산단점,충북,청주시,충북 청주시 청원구 오창읍 오창중앙로 123-12,043-212-0215
171,pelicana,포남점,강원,강릉시,강원 강릉시 성덕포남로153번길15,033-648-5847
172,pelicana,나성점,세종,나성북1로23,세종 나성북1로23,044-863-8333
173,pelicana,신양점,충남,예산군,충남 예산군 신양면 청신로 386,041-333-5200
174,pelicana,성연점,충남,서산시,충남 서산시 성연면 성연3로 76,041-664-8884
175,pelicana,중문점,제주,서귀포시,제주 서귀포시 천제연로207번길10,064-805-6979
176,pelicana,광명일직점,경기,광명시,경기 광명시 양달로20번길3,02-899-0438
177,pelicana,동탄점,경기,화성시,경기 화성시 동탄반송3길8,031-8003-9923
178,pelicana,관평점,대전,유성구,대전 유성구 관평1로15,042-934-9779
179,pelicana,부산명륜점,부산,동래구,부산 동래구 시실로49,051-558-7779
180,pelicana,백운호수점,경기,의왕시,경기 의왕시 백운중앙로99,031-344-9292
181,pelicana,고양점,경기,고양시,경기 고양시 덕양구 호국로1771,031-969-4777
182,pelicana,당하점,인천,서구,인천 서구 청마로167번안길17,032-566-9295
183,pelicana,정발산점,경기,고양시,경기 고양시 일산동구 산두로273번길47-6,031-922-5777
184,pelicana,석수예술공원점,경기,안양시,경기 안양시 만안구 경수대로1203,031-472-4708
185,pelicana,울산호계점,울산,북구,울산 북구 동대1길18,052-297-5492
186,pelicana,쌍용점,충남,천안시,충남 천안시 서북구 월봉로 132 타워프라자 1층 113호,041-901-8966
187,pelicana,퇴촌점,경기,광주시,경기 광주시 퇴촌면 광동로97,031-766-5633
188,pelicana,청라호수공원점,인천,서구,인천 서구 크리스탈로102번길 22,032-569-0494
189,pelicana,귤현점,인천,계양구,인천 계양구 양지로131,032-554-0333
190,pelicana,문산당동점,경기,파주시,경기 파주시 문산읍 당동1로 52,031-953-5592
191,pelicana,길음뉴타운점,서울,성북구,"서울 성북구 숭인로 10, 1층(길음동)",02-981-8292
192,pelicana,금촌2호점,경기,파주시,"경기 파주시 송화로 13 , 169동 113호",031-941-9289
193,pelicana,현대캠퍼스몰점,경기,남양주시,경기 남양주시 다산순환로 20,031-869-3392
194,pelicana,반지점,경남,창원시,경남 창원시 성산구 반지로32번길 19,055-237-9293
195,pelicana,동읍점,경남,창원시,경남 창원시 의창구 동읍 용잠로 34,055-295-7999
196,pelicana,정평점,경북,경산시,경북 경산시 대학로 64,053-816-2289
197,pelicana,산격점,대구,북구,대구 북구 대동로1길 23,053-955-9998
198,pelicana,매천점,대구,북구,대구 북구 매전로 50-10,053-322-4860
199,pelicana,고산점,대구,수성구,대구 수성구 달구벌대로641길 23,053-795-0999
200,pelicana,봉화점,경북,봉화군,경북 봉화군 봉화읍 내성로1길 45-1,054-674-4401
201,pelicana,장성점,전남,장성군,전남 장성군 장성읍 영천로 133-2,061-393-9289
202,pelicana,미장점,전북,군산시,전북 군산시 미장남로 36,063-468-9282
203,pelicana,청당청수점,충남,천안시,충남 천안시 동남구 풍세로 932,041-567-4241
204,pelicana,계룡대점,충남,계룡시,충남 계룡시 신도안면 신도안1길 61,042-551-9298
205,pelicana,노원역점,서울,노원구,서울 노원구 동일로 1456,02-932-8288
206,pelicana,가락점,서울,송파구,서울 송파구 송이로17길 54-27,02-400-7711
207,pelicana,당수점,경기,수원시,경기 수원시 권선구 당진로15번길 56,031-501-9151
208,pelicana,수원역점,경기,수원시,경기 수원시 팔달구 매산로52번길 16,031-233-7282
209,pelicana,과천점,경기,과천시,경기 과천시 별양로12,02-504-2560
210,pelicana,행운점,서울,관악구,서울 관악구 관악로28길 56,02-876-2300
211,pelicana,고양장항점,경기,고양시,"경기 고양시 일산동구 정발산로 24 , 1층 A-113호(장항동,웨스턴돔1)",031-905-5777
212,pelicana,쌍문1점,서울,도봉구,"서울 도봉구 우이천로 330, 상가동 1층 102,103호(쌍문동, 삼성래미안)",02-900-8292
213,pelicana,시흥점,서울,금천구,서울 금천구 독산로14,02-808-8178
214,pelicana,검단아라점,인천,서구,인천 서구 이음5로 39,032-561-9088
215,pelicana,향동점,경기,고양시,경기 고양시 덕양구 꽃내음2길 68,02-3159-9289
216,pelicana,봉담2점,경기,화성시,경기 화성시 봉담읍 매봉로478,031-293-7999
217,pelicana,낙성대점,서울,관악구,서울 관악구 남부순환로248길 57,02-876-0226
218,pelicana,간석점,인천,남동구,인천 남동구 경인로 611,032-716-9233
219,pelicana,물금남양산점,경남,양산시,경남 양산시 물금읍 범어로 102,055-383-9282
220,pelicana,주엽점,경기,고양시,경기 고양시 일산서구 주화로 42,031-917-7992
221,pelicana,운정1호점,경기,파주시,경기 파주시 동패로63번길 48-29 102호,031-942-5282
222,pelicana,신동백점,경기,용인시,경기 용인시 기흥구 언동로217번길 8,031-285-5885
223,pelicana,보문5가점,서울,성북구,서울 성북구 지봉로20길 81,02-929-5783
224,pelicana,용인역삼점,경기,용인시,경기 용인시 처인구 지삼로 590번길 10-3,031-328-8855
225,pelicana,반월점,경기,안산시,경기 안산시 상록구 건건로 93,031-438-5003
226,pelicana,가능점,경기,의정부시,경기 의정부시 호국로 1135,031-875-9282
227,pelicana,망우점,서울,중랑구,서울 중랑구 용마산로109길 24,02-494-7878
228,pelicana,용강점,경북,경주시,경북 경주시 승삼3길 18-1,054-777-4262
229,pelicana,청천점,인천,부평구,인천 부평구 평천로 115번길 12,032-512-8882
230,pelicana,조암점,경기,화성시,경기 화성시 우정읍 조암북로 67번길 6-12,031-351-8986
231,pelicana,구서점,부산,금정구,"부산 금정구 금샘로 262, 216동 104호(구서동, 쌍용예가 2단지)",051-516-7773
232,pelicana,야당점,경기,파주시,"경기 파주시 경의로1004번길 37 , 롯데프라자 102호",031-941-9288
233,pelicana,침산점,대구,북구,대구 북구 침산동 456-7,053-356-9909
234,pelicana,각산점,대구,동구,대구 동구 과학로2길 14,053-964-9280
235,pelicana,국가산단점,대구,달성군,대구 달성군 구지면 국가산단대로 66길 29,053-615-2234
236,pelicana,가음점,경남,창원시,경남 창원시 성산구 대정로40번길 7,055-262-7822
237,pelicana,유니시티점,경남,창원시,경남 창원시 의창구 평산로211번길 18,055-255-9981
238,pelicana,통영1점,경남,통영시,경남 통영시 광도면 죽림2로 76-95,055-649-5222
239,pelicana,남해동천점,경남,남해군,경남 남해군 삼동면 동부대로 1235,055-867-7273
240,pelicana,대원점,경남,창원시,경남 창원시 성산구 창원대로 548,055-237-8999
241,pelicana,광석동점,경북,안동시,경북 안동시 대석2길 3,054-854-8288
242,pelicana,포항송도점,경북,포항시,경북 포항시 남구 송림로 16,054-255-9929
243,pelicana,문덕점,경북,포항시,경북 포항시 남구 오천읍 냉천로 302번길 43,054-292-1128
244,pelicana,거문도점,전남,여수시,전남 여수시 삼산면 삼호교길 2,061-665-9282
245,pelicana,나주점,전남,나주시,전남 나주시 나주천2길 72,061-332-9281
246,pelicana,중화서신점,전북,전주시,전북 전주시 완산구 효자로 329,063-286-9282
247,pelicana,정읍상동점,전북,정읍시,전북 정읍시 상동중앙로 2,063-536-9281
248,pelicana,법동점,대전,대덕구,대전 대덕구 계족로663번길 29-18,042-633-9285
249,pelicana,서산예천점,충남,서산시,충남 서산시 동서1로 174,041-667-0502
250,pelicana,아산중앙점,충남,아산시,충남 아산시 시민로 258번길 3-3,041-545-6454
251,pelicana,충북혁신도시점,충북,진천군,충북 진천군 덕산읍 대하로 114,043-534-8136
252,pelicana,영동점,충북,영동군,충북 영동군 영동읍 계산로 18,043-745-1934
253,pelicana,건대화양점,서울,광진구,서울 광진구 능동로13길44,02-464-7792
254,pelicana,청전점,충북,제천시,"충북 제천시 내제로 25길 6-1, 1층(청전동)",043-643-0478
255,pelicana,주문진점,강원,강릉시,강원 강릉시 주문진읍 연주로 321,033-661-3744
256,pelicana,송림재능대점,인천,동구,인천 동구 새천년로 38번길 11,032-772-1157
257,pelicana,불로점,인천,서구,인천 서구 검단로 759,032-567-4579
258,pelicana,공업탑점,울산,남구,울산 남구 수암로 12,051-267-8592
259,pelicana,안양2점,경기,안양시,경기 안양시 만안구 박달로 542번길 24,031-447-9292
260,pelicana,고덕국제점,경기,평택시,경기 평택시 고덕국제4길54,031-667-8972
261,pelicana,영통점,경기,수원시,경기 수원시 영통구 청명로 69,031-202-9966
262,pelicana,녹양점,경기,의정부시,경기 의정부시 녹양로 79,031-875-9982
263,pelicana,송도센트럴점,인천,연수구,인천 연수구 하모니로 188번길 17,032-831-8980
264,pelicana,은계지구점,경기,시흥시,경기 시흥시 은계호수로 49,031-315-5818
265,pelicana,다산진건1호점,경기,남양주시,경기 남양주시 다산순환로  325,031-567-9282
266,pelicana,당왕동점,경기,안성시,경기 안성시 고수2로 70,070-7543-7593
267,pelicana,월곡역점,서울,성북구,서울 성북구 화랑로5길 4,02-941-9982
268,pelicana,이태원역점,서울,용산구,서울 용산구 우사단로10길 28,02-792-8292
269,pelicana,남항점,부산,영도구,부산 영도구 남항시장길 324,051-418-5255
270,pelicana,내동점,경남,김해시,경남 김해시 금관대로 1365번길 4-21,055-335-9233
271,pelicana,홍대점,서울,마포구,서울 마포구 와우산로 23,02-333-9282
272,pelicana,문형점,경기,광주시,경기 광주시 오포읍 오포로 447,031-768-8640
273,pelicana,화봉점,울산,북구,울산 북구 상방로 78,052-283-1700
274,pelicana,안동송현점,경북,안동시,경북 안동시 합전2길 19,054-854-9982
275,pelicana,안동옥동점,경북,안동시,경북 안동시 복주1길 5,054-854-1377
276,pelicana,목천점,충남,천안시,충남 천안시 동남구 목천읍 목천안터2길 10,041-555-6211
277,pelicana,신기점,전남,여수시,전남 여수시 신기남4길 14,061-691-8292
278,pelicana,케이준 덕풍점,경기,하남시,경기 하남시 하남대로861번길 5,031-791-7942
279,pelicana,해운대점,부산,해운대구,부산 해운대구 해운대해변로209번길26,051-744-9004
280,pelicana,시청점,부산,연제구,부산 연제구 연제로 3,051-851-8292
281,pelicana,압량점,경북,경산시,경북 경산시 청운2로 74,053-802-9985
282,pelicana,축산점,경북,영덕군,경북 영덕군 축산면 축산항길 15,054-734-7377
283,pelicana,경북외동점,경북,경주시,경북 경주시 외동읍 내외로 229-5,054-746-2676
284,pelicana,평리점,대구,서구,대구 서구 통학로 85-2,053-566-5222
285,pelicana,임당점,경북,경산시,경북 경산시 남매공원로2길35,053-802-7277
286,pelicana,칠곡가산점,경북,칠곡군,경북 칠곡군 가산면 경북대로1558,054-971-8111
287,pelicana,당진송산점,충남,당진시,충남 당진시 송산면 서정9길 12,041-355-8884
288,pelicana,당진CGV점,충남,당진시,충남 당진시 북문로1길 41-12,041-358-3904
289,pelicana,탕정점,충남,아산시,충남 아산시 탕정면 탕정면로8번길 93-3,041-548-9997
290,pelicana,사창점,충북,청주시,충북 청주시 서원구 창직로 17-1,043-903-5443
291,pelicana,성화점,충북,청주시,충북 청주시 서원구 신화로 39,043-234-8989
292,pelicana,태안점,충남,태안군,충남 태안군 태안읍 군청7길 31,041-675-0831
293,pelicana,청양점,충남,청양군,충남 청양군 청양읍 칠갑산로 2길 13,041-944-0025
294,pelicana,지웰점,충북,청주시,충북 청주시 흥덕구 대신로73번길 86-1,070-7622-5999
295,pelicana,종촌점,세종,도움1로,세종 도움1로 106,044-866-2332
296,pelicana,조치원점,세종,조치원읍,세종 조치원읍 행복길20,044-862-9399
297,pelicana,장항점,충남,서천군,충남 서천군 장항읍 신창서로51,041-956-6035
298,pelicana,옥산점,충북,청주시,충북 청주시 흥덕구 옥산면 옥산시내1길 49,043-266-8292
299,pelicana,연무대점,충남,논산시,충남 논산시 연무읍 연무로 189,041-742-0323
300,pelicana,안서점,충남,천안시,충남 천안시 동남구 상명대길32,041-562-3111
301,pelicana,신불당점,충남,천안시,충남 천안시 서북구 불당동 1548,041-569-2992
302,pelicana,신방청당점,충남,천안시,충남 천안시 동남구 풍세로 810,041-571-9922
303,pelicana,산남점,충북,청주시,충북 청주시 서원구 산남동 498,043-298-7771
304,pelicana,분평점,충북,청주시,충북 청주시 분평동 249-6,043-291-9996
305,pelicana,보은점,충북,보은군,충북 보은군 보은읍 삼산남로 20,043-543-2202
306,pelicana,보람시청점,세종,호려울로,세종 호려울로 19,044-862-9289
307,pelicana,모항만리포점,충남,태안군,충남 태안군 소원면 모항파도로 113,041-672-9072
308,pelicana,만년점,대전,서구,대전 서구 만년남로3번길 1,042-489-9282
309,pelicana,둔포점,충남,아산시,충남 아산시 둔포면 아산밸리중앙로47,041-534-7776
310,pelicana,동대점,충남,보령시,충남 보령시 동현로 26,041-934-4073
311,pelicana,도담어진점,세종,보듬4로,세종 보듬4로 9,044-867-9287
312,pelicana,보령대천해수욕장점,충남,보령시,충남 보령시 머드로 141,041- 933 - 2288
313,pelicana,노은반석점,대전,유성구,대전 유성구 지족로148번길 9,042-822-9958
314,pelicana,내포점,충남,홍성군,충남 홍성군 홍북읍 자경로 17,041-634-2500
315,pelicana,내덕청대점,충북,청주시,충북 청주시 청원구 안덕벌로49번길 6,043-222-5777
316,pelicana,기지시점,충남,당진시,충남 당진시 송악읍 반촌로 98-4,041-352-1211
317,pelicana,관저사랑점,대전,서구,대전 서구 관저남로25번길 8-8,042-543-0072
318,pelicana,가장내동점,대전,서구,대전 서구 가장동53-1번지,042-525-5881
319,pelicana,가오점,대전,동구,대전 동구 대전로 437,042-283-9001
320,pelicana,강릉교동점,강원,강릉시,강원 강릉시 지변동 285-21,033-642-5582
321,pelicana,화순점,전남,화순군,전남 화순군 화순읍 쌍충로 12-1,061-371-9282
322,pelicana,진월점,광주,남구,광주 남구 금당로 78,062-674-9282
323,pelicana,웅천점,전남,여수시,전남 여수시 웅천로 261,061-691-8599
324,pelicana,어양점,전북,익산시,전북 익산시 하나로10길 13,063-831-9280
325,pelicana,부안점,전북,부안군,전북 부안군 부안읍 오리정로172-1,063-583-8892
326,pelicana,가호점,경남,진주시,경남 진주시 호탄길21번길 10-2,055-762-9797
327,pelicana,농소점,경남,거제시,경남 거제시 장목면 거제북로 2586,055-637-9298
328,pelicana,함양점,경남,함양군,경남 함양군 함양읍 교산3길 3,055-962-9200
329,pelicana,창원호계점,경남,창원시,경남 창원시 마산회원구 내서읍 광려천북로 184-1,055-231-8293
330,pelicana,현동점,경남,창원시,경남 창원시 마산합포구 현동6길 18,055-224-4780
331,pelicana,초전점,경남,진주시,경남 진주시 초전북로 61번길 15-15,055-741-9280
332,pelicana,양덕점,경남,창원시,경남 창원시 마산회원구 양덕남7길 13,055-298-9292
333,pelicana,신원점,경남,거창군,경남 거창군 신원면 신차로 3062,055-944-9192
334,pelicana,회원2동교방점,경남,창원시,경남 창원시 마산회원구 회원남로 14,055-245-5092
335,pelicana,문동점,경남,거제시,경남 거제시 거제중앙로 1537,055-636-9290
336,pelicana,도동점,경남,진주시,경남 진주시 도동로 240번길 10,055-762-1990
337,pelicana,금남점,경남,하동군,경남 하동군 금남면 섬진강대로 972,055-882-9696
338,pelicana,신동의림점,강원,정선군,강원 정선군 신동읍 의림로243-1,033-378-7892
339,pelicana,무안점,경남,밀양시,경남 밀양시 무안면 사명로503,055-353-9929
340,pelicana,입암점,강원,강릉시,강원 강릉시 월대산로 59,033-652-1230
341,pelicana,북평점,강원,동해시,강원 동해시 오일장길 7,033-522-4999
342,pelicana,함덕점,제주,제주시,제주 제주시 조천읍 함덕남16길 108,064-782-3383
343,pelicana,고덕점,서울,강동구,서울 강동구 아리수로74길 35-23,02-6082-3336
344,pelicana,사당2점,서울,동작구,서울 동작구 동작대로29나길 30,02-535-9992
345,pelicana,울산남창점,울산,울주군,울산 울주군 온양읍 솔밭1길 23-5,052-237-8292
346,pelicana,남구청현대점,부산,남구,부산 남구 문현로 63,051-637-9992
347,pelicana,광안해변점,부산,수영구,부산 수영구 수영로 506,051-757-6768
348,pelicana,명학역점,경기,안양시,경기 안양시 만안구 안양로 96,031-465-0211
349,pelicana,금촌점,경기,파주시,경기 파주시 황골로 15,031-945-9199
350,pelicana,천상점,울산,울주군,울산 울주군 범서읍 천상1길 18,052-245-6645
351,pelicana,영주점,부산,중구,부산 중구 중구로 64,051-466-9995
352,pelicana,중랑역점,서울,중랑구,서울 중랑구 중랑천로 117,02-432-8999
353,pelicana,은평뉴타운점,서울,은평구,서울 은평구 진관3로 67,02-383-8292
354,pelicana,신당점,서울,중구,서울 중구 퇴계로74길 21-5,02-2231-5460
355,pelicana,용곡점,충남,천안시,충남 천안시 동남구 용곡5길 39-4,041-592-9292
356,pelicana,정왕1호점,경기,시흥시,경기 시흥시 정왕대로233번안길 3-4,031-431-3336
357,pelicana,심곡본점,경기,부천시,경기 부천시 경인로 190,032-661-9985
358,pelicana,우정혁신점,울산,중구,울산 중구 평동3길32,052-212-9594
359,pelicana,영화점,경기,수원시,경기 수원시 장안구 수성로364번길 15,031-241-0777
360,pelicana,답십리점,서울,동대문구,서울 동대문구 서울시립대로4길 27,02-3390-9848
361,pelicana,이동석동점,경남,창원시,경남 창원시 진해구 이동로38번길 9,055-551-9299
362,pelicana,송현점,인천,동구,인천 동구 수문통로 35,032-777-7734
363,pelicana,금당점,전남,순천시,"전남 순천시 조례못등길 85, 1층",061-722-9282
364,pelicana,원주기업도시점,강원,원주시,강원 원주시 무릉로39,033-744-7161
365,pelicana,신례원점,충남,예산군,충남 예산군 예산읍 창신로 67,041-334-8989
366,pelicana,오학점,경기,여주시,경기 여주시 현암3길 16,031-885-9259
367,pelicana,내발산점,서울,강서구,서울 강서구 우장산로 19,02-3664-4820
368,pelicana,월영경대점,경남,창원시,경남 창원시 마산합포구 월영북16길 19,055-247-9292
369,pelicana,오창2산단점,충북,청주시,충북 청주시 청원구 오창읍 주성1길 12,043-215-7575
370,pelicana,망포점,경기,수원시,경기 수원시 영통구 영통로 153번길 6,031-205-1002
371,pelicana,고강점,경기,부천시,경기 부천시 수주로 21-1,032-682-9222
372,pelicana,청라2점,인천,서구,인천 서구 솔빛로 55,032-561-5616
373,pelicana,복정점,경기,성남시,경기 성남시 수정구 복정로 92-1,031-759-0680
374,pelicana,중앙역점,경기,안산시,경기 안산시 단원구 광덕3로 243,031-401-8999
375,pelicana,덕포점,부산,사상구,부산 사상구 사상로342번길 40,051-301-5900
376,pelicana,마곡점,서울,강서구,서울 강서구 마곡중앙4로 22,02-6956-7792
377,pelicana,남해고현점,경남,남해군,경남 남해군 고현면 탑동로 54,055-863-0920
378,pelicana,창선점,경남,남해군,경남 남해군 창선면 창선로 107-1,055-867-6000
379,pelicana,동금점,경남,사천시,경남 사천시 중앙로 81-1,055-835-2281
380,pelicana,사천점,경남,사천시,경남 사천시 사천읍 평화2길 38,055-853-9282
381,pelicana,감계점,경남,창원시,경남 창원시 의창구 북면 동전로 15,055-293-7877
382,pelicana,남양주양지점,경기,남양주시,경기 남양주시 오남읍 진건오남로797번길 28,031-573-9282
383,pelicana,신사점,서울,은평구,서울 은평구 신사동 40-6,02-304-7770
384,pelicana,중곡역점,서울,광진구,서울 광진구 긴고랑로 5,02-3409-8292
385,pelicana,응암점,서울,은평구,서울 은평구 백련산로 36,02-303-8295
386,pelicana,돈암점,서울,성북구,서울 성북구 아리랑로6길 4,02-6489-0101
387,pelicana,내이점,경남,밀양시,경남 밀양시 북성로4길 16,055-356-9989
388,pelicana,남지점,경남,창녕군,경남 창녕군 남지읍 남지중앙로 90,055-536-7333
389,pelicana,신호동점,부산,강서구,부산 강서구 신호산단3로 66,051-831-0318
390,pelicana,율하2지구점,경남,김해시,경남 김해시 율하로 479-1,055-327-1811
391,pelicana,남부동점,경남,양산시,경남 양산시 남부동 605-1번지 106호,055-383-9133
392,pelicana,세곡점,서울,강남구,서울 강남구 헌릉로571길 7,02-451-8989
393,pelicana,오금점,서울,송파구,서울 송파구 마천로 165,02-407-1257
394,pelicana,구산점,경남,김해시,경남 김해시 구산동 1083-7번지,055-336-4366
395,pelicana,예산점,충남,예산군,충남 예산군 예산읍 벚꽃로 155번길 43,041-335-7277
396,pelicana,장덕점,광주,광산구,"광주 광산구 장덕로39번길 14, 1층(장덕동)",062-961-9281
397,pelicana,광주운남점,광주,광산구,"광주 광산구 목련로 273번안길 43, 2층(운남동)",062-716-9282
398,pelicana,전대점,광주,북구,"광주 북구 우치로 100번길 3-2, 1층(용봉동)",062-262-9280
399,pelicana,옥정2호점,경기,양주시,경기 양주시 옥정동로5나길 119,031-858-9901
400,pelicana,전주혁신점,전북,전주시,전북 전주시 덕진구 중동 오정2길3,063-222-9283
401,pelicana,석전점,경남,창원시,경남 창원시 마산회원구 석전북2길 43,055-253-3138
402,pelicana,등촌점,서울,강서구,서울 강서구 양천로 400-12,02-6967-1799
403,pelicana,북정점,경남,양산시,경남 양산시 북정중앙로 37,055-381-7792
404,pelicana,성안점,울산,중구,울산 중구 함월22길 25,052-246-0370
405,pelicana,반송점,부산,해운대구,부산 해운대구 반송로924번길15,051-545-7292
406,pelicana,한림점,제주,제주시,제주 제주시 한림읍 한림상로 204,064-796-9984
407,pelicana,동구서부점,울산,동구,울산 동구 명덕3길 6,052-232-6625
408,pelicana,양주대동상가점,경남,양산시,경남 양산시 양주로 156,055-382-2662
409,pelicana,전포동성점,부산,부산진구,부산 부산진구 동성로30,051-804-2003
410,pelicana,물금가촌점,경남,양산시,경남 양산시 물금읍 물금로 57,055-385-9982
411,pelicana,난곡점,서울,관악구,서울 관악구 난우길 47,02-6952-9990
412,pelicana,풍덕천점,경기,용인시,경기 용인시 수지구 풍덕천로160번길 5-1,031-262-9995
413,pelicana,월피점,경기,안산시,경기 안산시 상록구 예술대학로224,031-411-5799
414,pelicana,동탄목동점,경기,화성시,경기 화성시 동탄순환대로20길 70,031-8077-9696
415,pelicana,김화점,강원,철원군,강원 철원군 김화읍 김화로 635,033-458-5072
416,pelicana,식사점,경기,고양시,경기 고양시 일산동구 위시티4로 80,031-963-8787
417,pelicana,지금점,경기,남양주시,경기 남양주시 다산지금로 124-82,031-553-2597
418,pelicana,운정2호점,경기,파주시,경기 파주시 산내로104번길 14-8,031-941-9233
419,pelicana,덕소점,경기,남양주시,경기 남양주시 와부읍 덕소로 177,031-577-9977
420,pelicana,고색점,경기,수원시,경기 수원시 권선구 매송고색로 691번길 6,031-292-8777
421,pelicana,수성점,대구,수성구,대구 수성구 수성로53길 20,053-768-5222
422,pelicana,석수점,경기,안양시,경기 안양시 만안구 석천로 168,031-471-2959
423,pelicana,운정3호점,경기,파주시,경기 파주시 가람로 51번길 26-30,031-941-9282
424,pelicana,교문점,경기,구리시,경기 구리시 이문안로 9-1,031-566-9812
425,pelicana,구기점,경남,밀양시,경남 밀양시 청도면 청도로 111,055-352-9994
426,pelicana,대구송현점,대구,달서구,대구 달서구 송현로 103,053-631-2338
427,pelicana,세천점,대구,달성군,대구 달성군 다사읍 세천로10길 15-7,053-584-9995
428,pelicana,하양점,경북,경산시,경북 경산시 하양읍 아낙고개길4-1,053-851-7599
429,pelicana,광명1호점,경기,광명시,경기 광명시 오리로 1023,02-2688-7272
430,pelicana,흑석점,서울,동작구,서울 동작구 현충로52,02-824-9001
431,pelicana,서석점,강원,홍천군,강원 홍천군 서석면 구룡령로 2532,033-433-4437
432,pelicana,하계점,서울,노원구,서울 노원구 공릉로58길 176,02-948-4500
433,pelicana,구의광장점,서울,광진구,서울 광진구 광나루로 545,02-444-9238
434,pelicana,독립문점,서울,종로구,서울 종로구 사직로 11,02-730-2690
435,pelicana,광운대점,서울,성북구,서울 성북구 장위로 49길 1-1,02-913-1292
436,pelicana,녹번점,서울,은평구,서울 은평구 통일로 649,02-356-7174
437,pelicana,양곡점,경기,김포시,경기 김포시 양촌읍 양곡2로30번길 7-23,031-8049-7122
438,pelicana,고덕1호점,경기,평택시,경기 평택시 고덕여염 11길114,031-665-9285
439,pelicana,삼양점,서울,강북구,서울 강북구 삼양로54길 7,02-986-6337
440,pelicana,동서변점,대구,북구,대구 북구 환성정길7,053-285-4005
441,pelicana,울릉도점,경북,울릉군,경북 울릉군 울릉읍 울릉순환로 212-21,054-791-6569
442,pelicana,하단가락타운점,부산,사하구,부산 사하구 동매로 35,051-206-6108
443,pelicana,상남점,경남,창원시,경남 창원시 성산구 상남로 107,055-262-0426
444,pelicana,미조점,경남,남해군,경남 남해군 미조면 미조로236번길 25,055-867-1280
445,pelicana,중앙여좌점,경남,창원시,경남 창원시 진해구 중원로 10,055-543-2474
446,pelicana,모라점,부산,사상구,부산 사상구 백양대로 906,051-312-9279
447,pelicana,동남지구점,충북,청주시,충북 청주시 상당구 중고개로 104,043-291-7773
448,pelicana,치평점,광주,서구,광주 서구 상무대로 739,062-385-9282
449,pelicana,상주점,경남,남해군,경남 남해군 상주면 남해대로 696,055-863-4743
450,pelicana,관산내유점,경기,고양시,경기 고양시 덕양구 동헌로 3번길 3,031-964-9989
451,pelicana,구월아시아드점,인천,남동구,인천 남동구 구월동 1542-2,032-471-9282
452,pelicana,동천점,경기,용인시,경기 용인시 수지구 수풍로 117번길 2-6,031-261-4777
453,pelicana,인천도화점,인천,미추홀구,인천 미추홀구 숙골로 116,032-872-8892
454,pelicana,위례역점,경기,성남시,경기 성남시 수정구 위례광장로 27,031-756-6888
455,pelicana,매곡삼각점,광주,북구,광주 북구 매곡로 63(매곡동),062-573-9282
456,pelicana,염주점,광주,서구,광주 서구 염화로40번길20-1,062-225-9282
457,pelicana,서판교점,경기,성남시,경기 성남시 분당구 운중로 129,070-4242-5566
458,pelicana,송파장지점,서울,송파구,서울 송파구 새말로6길 24-33,02-407-6699
459,pelicana,서귀포신시가지점,제주,서귀포시,제주 서귀포시 김정문화로41번길 24-5,064-739-9279
460,pelicana,오목교점,서울,양천구,서울 양천구 은행정로19가길 8,02-2645-9982
461,pelicana,팽성점,경기,평택시,경기 평택시 팽성읍 안정순환로 142,031-651-9939
462,pelicana,위례중앙점,서울,송파구,서울 송파구 장지동 896,02-400-7288
463,pelicana,울산성남점,울산,중구,울산 중구 중앙길 118,052-245-7245
464,pelicana,호평점,경기,남양주시,"경기 남양주시 늘을2로 96, 호평마을대주파크빌 상가 109호",031-591-9285
465,pelicana,죽도점,경북,포항시,경북 포항시 북구 대해로 15,054-281-5001
466,pelicana,금장현곡점,경북,경주시,경북 경주시 현곡면 금장5길 34-15,054-772-9909
467,pelicana,관음점,대구,북구,대구 북구 칠곡중앙대로 429,053-314-7811
468,pelicana,이곡신당점,대구,달서구,대구 달서구 선원로37길 20,053-582-9282
469,pelicana,유강점,경북,포항시,경북 포항시 남구 연일읍 유강길 17,054-277-5995
470,pelicana,봉덕점,대구,남구,대구 남구 봉덕로21길 53-3,053-471-8249
471,pelicana,동탄새강마을점,경기,화성시,경기 화성시 반송동 155-6,031-8003-9995
472,pelicana,평택용이점,경기,평택시,경기 평택시 용이동 452-20,031-655-8919
473,pelicana,구영점,울산,울주군,울산 울주군 범서읍 798-1,052-212-9211
474,pelicana,오송점,충북,청주시,충북 청주시 흥덕구 오송읍 만수리 546,043-235-8292
475,pelicana,외도하귀점,제주,제주시,"제주 제주시 우령서로 16, 1층",064-744-3404
476,pelicana,연수2점,인천,연수구,인천 연수구 샘말로 87번길 7-6,032-811-6062
477,pelicana,곤지암점,경기,광주시,경기 광주시 곤지암읍 평촌길 35-11,031-763-7856
478,pelicana,강상점,경기,양평군,경기 양평군 강상면 강남로 913번길 1,031-771-3199
479,pelicana,고양중산점,경기,고양시,경기 고양시 일산동구 탄중로 311-16,031-915-0813
480,pelicana,장곡점,경기,시흥시,경기 시흥시 장곡로 49번길 5-1,031-506-0232
481,pelicana,주촌신도시점,경남,김해시,경남 김해시 주촌면 선천남로 13,055-329-9990
482,pelicana,제천본점,충북,제천시,충북 제천시 강제동 818번지 1층,043-648-0555
483,pelicana,대연혁신점,부산,남구,부산 남구 수영로325번길 61,051-626-8114
484,pelicana,연세흥업점,강원,원주시,강원 원주시 흥업면 안밤골길10,033-763-0562
485,pelicana,백령도점,인천,옹진군,인천 옹진군 백령면664-7,032-836-8282
486,pelicana,금암점,충남,계룡시,충남 계룡시 장안1길 6 101호,042-551-1666
487,pelicana,광주금호점,광주,서구,광주 서구 금화로73번길 18-9 1층(금호동),062-372-9281
488,pelicana,옥길점,경기,부천시,경기 부천시 옥길동 715-6,032-343-9293
489,pelicana,도당점,경기,부천시,경기 부천시 도당동43-8,032-671-0042
490,pelicana,봉양점,충북,제천시,충북 제천시 제원로 2길 7,043-644-9592
491,pelicana,세류점,경기,수원시,경기 수원시 권선구 세지로80,031-898-7444
492,pelicana,도남시청점,제주,제주시,제주 제주시 신성로 19,064-727-1001
493,pelicana,고운점,세종,고운서길,세종 고운서길 10,044-868-9592
494,pelicana,소담점,세종,국책연구원1로,세종 국책연구원1로 15,044-864-9282
495,pelicana,고촌점,경기,김포시,경기 김포시 고촌읍 신곡리1160,031-996-8974
496,pelicana,무실점,강원,원주시,강원 원주시 시청로 11,033-743-9292
497,pelicana,첨단점,광주,광산구,광주 광산구 첨단내촌로 66,062-973-9291
498,pelicana,장흥점,전남,장흥군,전남 장흥군 장흥읍 동교로 40,061-862-8999
499,pelicana,동산반월점,전북,전주시,전북 전주시 덕진구 쪽구름로 128(반월동),063-213-9280
500,pelicana,송천점,전북,전주시,"전북 전주시 덕진구 붓내1길 10, 208동 2층 204(송천동2가)",063-273-9282
501,pelicana,인후점,전북,전주시,"전북 전주시 덕진구 거북바우로 148, 1층(인후동2가)",063-245-9288
502,pelicana,제주아라점,제주,제주시,제주 제주시 아란8길 16,064-724-3303
503,pelicana,호암점,충북,충주시,충북 충주시 호암동1216,043-853-7001
504,pelicana,신월점,서울,양천구,서울 양천구 화곡로3길 3,02-2604-9978
505,pelicana,창전점,경기,이천시,경기 이천시 창전동451-28,031-631-4950
506,pelicana,아중점,전북,전주시,전북 전주시 덕진구 석소로 9-6,063-244-9282
507,pelicana,평화점,전북,전주시,전북 전주시 완산구 평화18길 23-10,063-221-9232
508,pelicana,신시가지점,전북,전주시,전북 전주시 완산구 후곡길 23-9,063-222-9288
509,pelicana,나주혁신점,전남,나주시,전남 나주시 배멧2길 39 로데오 빌딩 101호,061-336-9281
510,pelicana,보성점,전남,보성군,전남 보성군 보성읍 주봉리 398,061-853-8592
511,pelicana,서충주기업도시점,충북,충주시,충북 충주시 중앙탑면 원앙 9길 10 C동 1층 109호 (코아루 더 테라스상가),043-845-1030
512,pelicana,단양점,충북,단양군,충북 단양군 단양읍 상진 13길 11,043-421-1236
513,pelicana,공주신관점,충남,공주시,충남 공주시 신금2길 17,041-853-9285
514,pelicana,민락코스트코점,경기,의정부시,"경기 의정부시 용민로 469 , 107호",031-851-5592
515,pelicana,묵현점,경기,남양주시,경기 남양주시 화도읍 먹갓로 28번길 5,031-595-0081
516,pelicana,사동계양점,경북,경산시,경북 경산시 원효로32길 10,053-813-4089
517,pelicana,국우점,대구,북구,대구 북구 학남로 99,053-322-0099
518,pelicana,용흥점,경북,포항시,경북 포항시 북구 새마을로 88,054-253-9979
519,pelicana,경주동천점,경북,경주시,경북 경주시 대안길 39-2,054-745-3379
520,pelicana,호미지구점,충북,청주시,충북 청주시 상당구 수영로360,043-295-6600
521,pelicana,광주장지점,경기,광주시,경기 광주시 순암로55,031-767-0522
522,pelicana,영등포점,서울,영등포구,서울 영등포구 영등포동7가 203,02-2675-7377
523,pelicana,한숲시티점,경기,용인시,경기 용인시 처인구 남사면 한숲로 45,031-335-6661
524,pelicana,능곡토당점,경기,고양시,경기 고양시 덕양구 토당로125,031-971-0311
525,pelicana,평택역점,경기,평택시,경기 평택시 평택3로40,031-652-9285
526,pelicana,서귀포점,제주,서귀포시,제주 서귀포시 이중섭로 11,064-763-9982
527,pelicana,제주삼양점,제주,제주시,제주 제주시 일주동로 378,064-727-9991
528,pelicana,용담삼도점,제주,제주시,제주 제주시 용문로 162,064-712-5006
529,pelicana,범일점,부산,동구,부산 동구 범상로 23,051-636-1923
530,pelicana,성내점,서울,강동구,서울 강동구 성내동 434-6,02-482-9992
531,pelicana,서면1호점,부산,부산진구,부산 부산진구 새싹로 41-1,051-802-9250
532,pelicana,세마점,경기,오산시,경기 오산시 양산동 673-3,031-373-9212
533,pelicana,일도점,제주,제주시,제주 제주시 일도2동 402-26,064-723-7075
534,pelicana,성성점,충남,천안시,충남 천안시 서북구 성성9로 7,041-621-1117
535,pelicana,생초점,경남,산청군,경남 산청군 생초면 새실로3,055-973-7702
536,pelicana,서산시청점,충남,서산시,충남 서산시 고운로142,041-668-1788
537,pelicana,원당점,인천,서구,인천 서구 고산후로121번길 15,032-562-4555
538,pelicana,상암점,서울,마포구,서울 마포구 성암로79,02-374-9374
539,pelicana,파장점,경기,수원시,경기 수원시 장안구 파장천로 6,031-245-8818
540,pelicana,중산점,울산,북구,울산 북구 중산로 7,052-291-3005
541,pelicana,충북청천점,충북,괴산군,충북 괴산군 청천면 청천2길 5,043-832-1986
542,pelicana,상도터미널점,경북,포항시,경북 포항시 남구 중흥로100번길 10,054-262-5001
543,pelicana,노형점,제주,제주시,제주 제주시 다랑곶2길44,064-742-3330
544,pelicana,까치산점,서울,강서구,서울 강서구 강서로17길 35,02-2696-1226
545,pelicana,북아현점,서울,서대문구,서울 서대문구 경기대로9길 81,02-364-9282
546,pelicana,홍제점,서울,서대문구,서울 서대문구 통일로39가길 57,02-396-2560
547,pelicana,안암점,서울,성북구,서울 성북구 고려대로13길 43,02-929-2975
548,pelicana,상계점,서울,노원구,서울 노원구 상계로23다길 5,02-951-2367
549,pelicana,증산점,경남,양산시,경남 양산시 물금읍 새실2길 13,055-383-9242
550,pelicana,경산옥산점,경북,경산시,경북 경산시 성암로7길 8,053-812-9211
551,pelicana,이동점,경북,포항시,경북 포항시 남구 대이로 145,054-275-2922
552,pelicana,유천점,대전,중구,대전 중구 계백로 1603번길 28-6,042-523-0077
553,pelicana,운양점,경기,김포시,경기 김포시 김포한강11로 38,031-987-1089
554,pelicana,교동점,경기,여주시,경기 여주시 세종로254-16,031-881-3799
555,pelicana,송도점,부산,서구,부산 서구 충무대로 34,051-241-3066
556,pelicana,장안점,서울,동대문구,서울 동대문구 답십리로68길 67,02-2217-0011
557,pelicana,새솔점,경기,화성시,경기 화성시 수노을2로 36,031-355-5190
558,pelicana,대림동산점,경기,안성시,경기 안성시 공도읍 대림동산길55,031-618-9977
559,pelicana,강일점,서울,강동구,서울 강동구 강일동 676-1,02-429-8999
560,pelicana,명지오션시티점,부산,강서구,부산 강서구 명지오션시티10로 114,051-294-0399
561,pelicana,서대신점,부산,서구,부산 서구 대영로38번길 11,051-246-4988
562,pelicana,김량장점,경기,용인시,경기 용인시 처인구 김량장동 295-1,031-338-8892
563,pelicana,내손갈뫼점,경기,의왕시,경기 의왕시 내손동 741-1,031-424-8280
564,pelicana,고림점,경기,용인시,경기 용인시 처인구 고림동 1005,031-322-9980
565,pelicana,정관신도시점,부산,기장군,부산 기장군 정관읍 방곡3로 18-1,051-727-7879
566,pelicana,수원정자점,경기,수원시,경기 수원시 장안구 정자동 874-1,031-269-1001
567,pelicana,등촌역점,서울,양천구,서울 양천구 목동 960,02-2644-2929
568,pelicana,포승점,경기,평택시,경기 평택시 포승읍 여술로74,031-682-6564
569,pelicana,인천논현2점,인천,남동구,인천 남동구 논현동 593-8,032-427-5585
570,pelicana,충무로점,서울,중구,서울 중구 퇴계로 179-1,02-2285-3685
571,pelicana,창우점,경기,하남시,경기 하남시 대청로119-1,031-795-9253
572,pelicana,미사역점,경기,하남시,경기 하남시 미사강변중앙로173,031-792-9394
573,pelicana,횡성점,강원,횡성군,강원 횡성군 횡성읍 읍마북로 13,033-343-7773
574,pelicana,영월점,강원,영월군,강원 영월군 영월읍 은행나무5길 41,033-372-9333
575,pelicana,반곡혁신점,강원,원주시,강원 원주시 양지로 160-2,033-746-0909
576,pelicana,문막점,강원,원주시,강원 원주시 문막읍 문막시장1길 35,033-735-9860
577,pelicana,케이준 원곡점,경기,안산시,경기 안산시 단원구 지곡로1안길 12,031-654-9220
578,pelicana,오포점,경기,광주시,경기 광주시 오포읍 양벌로 315,031-765-9989
579,pelicana,케이준 부천상동점,경기,부천시,경기 부천시 상동 559-3,032-321-9282
580,pelicana,본오점,경기,안산시,경기 안산시 상록구 충장로3길11,031-437-8887
581,pelicana,동백점,경기,용인시,경기 용인시 기흥구 동백3로 11번길 12,031-274-9299
582,pelicana,초월점,경기,광주시,경기 광주시 초월읍 대쌍령리 191-6,031-766-1578
583,pelicana,오천점,경기,이천시,경기 이천시 마장면 오천리 297-5,031-632-4543
584,pelicana,안산사동점,경기,안산시,경기 안산시 상록구 사동 1397-1,031-416-9982
585,pelicana,연산점,부산,연제구,부산 연제구 월드컵대로 109,051-852-8292
586,pelicana,약대점,경기,부천시,경기 부천시 약대동 216-1,032-321-9289
587,pelicana,삼정점,경남,김해시,경남 김해시 활천로 36번길 46,055-331-5533
588,pelicana,역곡점,경기,부천시,경기 부천시 안곡로 279번길 42,032-347-9288
589,pelicana,운서점,인천,중구,인천 중구 신도시남로 66,032-751-0070
590,pelicana,왕십리점,서울,성동구,서울 성동구 마장로23길 7,02-6084-9283
591,pelicana,이문점,서울,동대문구,서울 동대문구 신이문로23길 23,02-964-0132
592,pelicana,독산2점,서울,금천구,서울 금천구 시흥대로 90길 32-8,02-892-7770
593,pelicana,도안가수원점,대전,서구,대전 서구 가수원동 913,042-542-9283
594,pelicana,두호점,경북,포항시,경북 포항시 북구 새천년대로1076번길 21,054-251-9933
595,pelicana,숭의점,인천,미추홀구,인천 미추홀구 장천로 80,032-888-0977
596,pelicana,오태북삼점,경북,구미시,경북 구미시 금오대로14길 32,054-464-7006
597,pelicana,갈산점,인천,부평구,인천 부평구 주부토로 172번길 34,032-515-3557
598,pelicana,갈현점,서울,은평구,서울 은평구 갈현로 236,02-384-7171
599,pelicana,효창점,서울,용산구,서울 용산구 백범로77길 14,02-703-9271
600,pelicana,율전점,경기,수원시,경기 수원시 장안구 율전동 360-9,031-295-9282
601,pelicana,송도2점,인천,연수구,인천 연수구 송도문화로 28번길 28,032-816-7282
602,pelicana,남원점,전북,남원시,"전북 남원시 용성로 207,상가동1층 114호(도통동)",063-635-9282
603,pelicana,남외점,울산,중구,울산 중구 남외로 86,052-294-7992
604,pelicana,울산대점,울산,남구,울산 남구 대학로 94번길 5-3,052-277-2633
605,pelicana,수암점,울산,남구,울산 남구 수암로115번길 6-1,052-260-1566
606,pelicana,상록점,경기,안산시,경기 안산시 상록구 서암로4길 20-1,031-406-8300
607,pelicana,죽전점,경기,용인시,경기 용인시 수지구 현암로76,031-896-8607
608,pelicana,괴정샘터점,부산,사하구,부산 사하구 낙동대로 233번길 59,051-201-2891
609,pelicana,월성점,대구,달서구,대구 달서구 월성동 84-5,053-638-8979
610,pelicana,고잔점,경기,안산시,경기 안산시 단원구 고잔동 696-3,031-439-4114
611,pelicana,고령덕곡점,경북,고령군,경북 고령군 덕곡면 덕운로 586,054-956-2731
612,pelicana,대구고성점,대구,북구,대구 북구 고성북로3,053-352-1225
613,pelicana,동래점,부산,동래구,부산 동래구 충렬대로218번길 26,051-558-9989
614,pelicana,화정점,울산,동구,울산 동구 대송8길 31,052-922-4068
615,pelicana,오산운암점,경기,오산시,경기 오산시 원동로6,031-378-0987
616,pelicana,와동점,경기,안산시,경기 안산시 단원구 화정천동로2안길 28,031-405-4055
617,pelicana,대화점,경기,고양시,"경기 고양시 일산서구 강성로 271 (대화동,대화씨티빌 101호)",031-911-3856
618,pelicana,신주례점,부산,사상구,부산 사상구 백양대로 500번길 1,051-315-9992
619,pelicana,진주신평점,경남,진주시,"경남 진주시 신평공원길 25번길 8-4,1층",055-741-7979
620,pelicana,구로점,서울,구로구,서울 구로구 구로중앙로28길 31-7,02-869-9992
621,pelicana,헬리오시티점,서울,송파구,서울 송파구 가락로16길 2-26,02-423-9281
622,pelicana,남동탄점,경기,화성시,경기 화성시 동탄대로4길95,031-376-4492
623,pelicana,명지국제신도시점,부산,강서구,부산 강서구 명지국제5로 14,051-968-7888
624,pelicana,평창점,강원,평창군,강원 평창군 평창읍 백오1길 33,033-333-0009
625,pelicana,도원점,대구,달서구,대구 달서구 도원남로56,053-641-0041
626,pelicana,장산역점,부산,해운대구,부산 해운대구 좌동1331,051-703-0678
627,pelicana,이천점,경기,이천시,경기 이천시 관고동 12-4,031-633-1823
628,pelicana,부산부곡점,부산,금정구,부산 금정구 동현로 23,051-581-7890
629,pelicana,석산점,경남,양산시,경남 양산시 동면 금오7길 24,055-363-9911
630,pelicana,거제상동점,경남,거제시,경남 거제시 거제중앙로3길 14-2(상동동),055-635-9290
631,pelicana,소사벌점,경기,평택시,경기 평택시 비전동 1053,031-656-8292
632,pelicana,동탄중앙점,경기,화성시,경기 화성시 동탄산척로2나길 6-7,031-375-8292
633,pelicana,항구영일대점,경북,포항시,경북 포항시 북구 아호로 3,054-253-9996
634,pelicana,반야월점,대구,동구,대구 동구 안심로41길 47,053-964-0797
635,pelicana,테크노폴리스점,대구,달성군,대구 달성군 유가읍 테크노중앙대로 326-35,053-611-6265
636,pelicana,비전점,경기,평택시,경기 평택시 중앙로235 (비전동),031-658-9989
637,pelicana,비산점,경기,안양시,경기 안양시 동안구 평촌대로408 (비산동),031-387-1112
638,pelicana,부곡점,경기,의왕시,경기 의왕시 삼동 150-16,031-462-9233
639,pelicana,홍성점,충남,홍성군,충남 홍성군 홍성읍 문화로 74,041-633-9982
640,pelicana,율량점,충북,청주시,충북 청주시 청원구 율량로190번길19,043-903-0991
641,pelicana,증평점,충북,증평군,충북 증평군 증평읍 문화로83,043-838-8977
642,pelicana,송강점,대전,유성구,대전 유성구 구즉로48번길10,042-935-9294
643,pelicana,다대몰운대점,부산,사하구,"부산 사하구 다대낙조2길 100, 101호(다대동,롯데캐슬몰운대아파트부상가)",051-266-7776
644,pelicana,옥포돌미점,대구,달성군,대구 달성군 옥포면 돌미상업로2길 26,053-615-9986
645,pelicana,영양점,경북,영양군,경북 영양군 영양읍 중앙로 111,054-682-1950
646,pelicana,배곧점,경기,시흥시,경기 시흥시 배곧4로 32-27,031-432-9998
647,pelicana,광주점,경기,광주시,경기 광주시 송정동111-1,031-761-2274
648,pelicana,신하점,경기,이천시,경기 이천시 부발읍 신하리 432-15,031-636-8726
649,pelicana,관양점,경기,안양시,경기 안양시 동안구 관양동 1423,031-425-5211
650,pelicana,중동점,경기,부천시,경기 부천시 원미구 부흥로 272번길 22,032-611-3888
651,pelicana,일죽점,경기,안성시,경기 안성시 일죽면 송천리 28-4,031-672-9385
652,pelicana,인계점,경기,수원시,경기 수원시 팔달구 중부대로 80,031-222-9117
653,pelicana,이천사동점,경기,이천시,경기 이천시 대월면 사동리 182-2,031-638-9013
654,pelicana,은행점,경기,시흥시,"경기 시흥시 시흥대로 1074번길 28,106호(은행동, 녹원아파트 상가동)",031-312-9999
655,pelicana,월곶점,경기,시흥시,경기 시흥시 월곶동 995,031-665-8842
656,pelicana,우만점,경기,수원시,경기 수원시 팔달구 세지로421번길 37 (우만동),031-256-0903
657,pelicana,호법점,경기,이천시,경기 이천시 호법면 후안리 267-4,031-632-9949
658,pelicana,하안8점,경기,광명시,경기 광명시 하안동 260-2 8단지상가 104-2,02-802-4070
659,pelicana,하안12점,경기,광명시,경기 광명시 하안동 62-4  1층 3호,02-806-5772
660,pelicana,하안11점,경기,광명시,경기 광명시 하안동 30-5  10 단지상가  104,02-803-2993
661,pelicana,포일내손점,경기,안양시,경기 안양시 동안구 흥안대로 427번길 38,031-425-1145
662,pelicana,포도원점,경기,안양시,경기 안양시 동안구 호계3동 811 현대홈타운상가 107,031-452-0827
663,pelicana,평촌5점,경기,안양시,경기 안양시 동안구 평촌동 898-2 초원아파트상가110,031-387-2134
664,pelicana,태전점,경기,광주시,경기 광주시 태전동 688-1,031-767-9295
665,pelicana,철산점,경기,광명시,경기 광명시 철산동 240  주공13단지 상가동,02-2682-3230
666,pelicana,천리점,경기,용인시,경기 용인시 이동면 천리 56-6,031-333-5784
667,pelicana,안양중앙점,경기,안양시,경기 안양시 만안구 삼덕로 80-1 (안양동) 1층,031-444-5592
668,pelicana,안성점,경기,안성시,경기 안성시 도기 4길 9(도기동),031-671-9282
669,pelicana,신천리점,경기,시흥시,경기 시흥시 호현로49번안길 1(대야동),031-312-9709
670,pelicana,신갈점,경기,용인시,경기 용인시 기흥구 신구로 38 청솔학원,031-274-5060
671,pelicana,성포점,경기,안산시,경기 안산시 상록구 성포동 592-2,031-487-8900
672,pelicana,샘마을점,경기,안양시,경기 안양시 동안구 호계동 1116 샘마을상가 1층,031-453-9992
673,pelicana,산본점,경기,군포시,경기 군포시 산본동 1069-3 (1층),031-393-9282
674,pelicana,북내점,경기,여주시,경기 여주시 북내면 여양2로 274,031-883-5320
675,pelicana,케이준 부곡점,경기,안산시,경기 안산시 상록구 성호로 340,031-406-9979
676,pelicana,보정점,경기,용인시,경기 용인시 기흥구 죽현로8-20,031-272-9259
677,pelicana,범계점,경기,안양시,경기 안양시 동안구 비산동 1102 관악타운 상가122,031-381-8238
678,pelicana,백사점,경기,이천시,경기 이천시 백사면 현방리67-12,031-632-0746
679,pelicana,박달점,경기,안양시,경기 안양시 만안구 박달동 149-1,031-468-3392
680,pelicana,미양점,경기,안성시,경기 안성시 미양면 보체리 405 상가 501동 101호,031-675-9258
681,pelicana,모현점,경기,용인시,경기 용인시 처인구 모현면 문현로331,031-333-9952
682,pelicana,둔전점,경기,용인시,경기 용인시 처인구 포곡읍 포곡로 118번길 24-11,031-334-7292
683,pelicana,능평점,경기,광주시,경기 광주시 오포읍 수레실길 5,031-726-9253
684,pelicana,금정점,경기,군포시,경기 군포시 금정동 79-1 1층,031-458-3888
685,pelicana,군포점,경기,군포시,경기 군포시 당동 914-5번지,031-392-9295
686,pelicana,구성점,경기,용인시,"경기 용인시 기흥구 구성로 186(언남동, 신일푸른솔아파트단지내 1층",031-274-9282
687,pelicana,공도점,경기,안성시,경기 안성시 공도읍 고무다리길 3,031-658-9280
688,pelicana,거모점,경기,시흥시,경기 시흥시 군자로504번안길 12(거모동),031-508-3398
689,pelicana,이천갈산점,경기,이천시,경기 이천시 갈산로 87번길 4(갈산동),031-635-3792
690,pelicana,새롬한솔점,세종,누리로28,세종 누리로28,044-862-9283
691,pelicana,금정산SK점,부산,금정구,"부산 금정구 식물원로 82, 302동 201호(장전동, 금정에스케이뷰)",051-514-0123
692,pelicana,평촌2호점,경기,안양시,경기 안양시 동안구 평촌대로127번길 38,031-385-9288
693,pelicana,목감점,경기,시흥시,경기 시흥시 목감중앙로 20,031-414-0056
694,pelicana,시화3점,경기,시흥시,경기 시흥시 정왕대로28번길31,031-433-1457
695,pelicana,시화2점,경기,시흥시,경기 시흥시 옥구천서로373번길9,031-433-8292
696,pelicana,정관롯데캐슬점,부산,기장군,"부산 기장군 정관읍 정관3로 52, 상가동 101호(롯데캐슬)",051-728-5595
697,pelicana,향남2점,경기,화성시,경기 화성시 향남읍 신광길 19. 102호,031-352-5464
698,pelicana,신림역점,서울,관악구,서울 관악구 신림동길40,02-871-8588
699,pelicana,동삭점,경기,평택시,"경기 평택시 동삭로 397 상가동 104,105호",031-652-5092
700,pelicana,길동점,서울,강동구,서울 강동구 길동 351-7,02-470-2933
701,pelicana,괴안점,경기,부천시,경기 부천시 소사구 괴안동 89-1,032-347-5661
702,pelicana,산하1호점,울산,북구,"울산 북구 화암6길 14, 1층 101호(산하동)",052-282-3569
703,pelicana,부곡월산점,경남,김해시,"경남 김해시 월산로 111-67,1 1층 105호(부곡동, 신화프라자)",055-335-2288
704,pelicana,사상점,부산,사상구,"부산 사상구 광장로 81번길 90, 1층 (괘법동)",051-316-9292
705,pelicana,아주점,경남,거제시,"경남 거제시 아주1로1길 7-2,1층(아주동)",055-682-7575
706,pelicana,진천장관점,충북,진천군,충북 진천군 진천읍 장관2길 139-1,043-533-1355
707,pelicana,삼성2점,대전,동구,대전 동구 현암로 36,042-621-1504
708,pelicana,금왕점,충북,음성군,충북 음성군 금왕읍 탑골길 48,043-878-5284
709,pelicana,남산점,경북,경산시,경북 경산시 남산면 산양길 9,053-851-5999
710,pelicana,원성점,충남,천안시,충남 천안시 동남구 버들로127,041-567-9979
711,pelicana,가양점,서울,강서구,서울 강서구 가양동 1475 강변아파트상가 203,02-2668-9306
712,pelicana,방화점,서울,강서구,"서울 강서구 방화대로33길 17 (방화동,1층)",02-2064-7670
713,pelicana,신풍역점,서울,영등포구,서울 영등포구 신길동255-15번지,02-842-7979
714,pelicana,신대방점,서울,동작구,서울  동작구 여의대방로24길89-1,02-812-0085
715,pelicana,암사점,서울,강동구,서울 강동구 암사동 425-197번지,02-427-9255
716,pelicana,송파점,서울,송파구,서울 송파구 송파동 135-18 102호,02-419-4734
717,pelicana,문정점,서울,송파구,서울 송파구 동남로4길 24,02-403-9761
718,pelicana,삼전점,서울,송파구,서울 송파구 삼전동 167-17,02-419-5544
719,pelicana,신천점,서울,송파구,서울 송파구 잠실동 185-9,02-423-5183
720,pelicana,잠원점,서울,서초구,서울 서초구 잠원동 53번지 현대상사 1층 6호,02-592-2244
721,pelicana,방배점,서울,서초구,서울 서초구 방배동 868-28번지,02-594-6866
722,pelicana,양재점,서울,서초구,서울 서초구 양재동 6-37번지,02-576-9204
723,pelicana,대치점,서울,강남구,서울 강남구 대치동 922-14번지,02-562-9282
724,pelicana,서초점,서울,서초구,서울 서초구 서초동 1342번지,02-522-9272
725,pelicana,역삼점,서울,강남구,서울 강남구 역삼동 782-28번지,02-553-7749
726,pelicana,논현점,서울,강남구,서울 강남구 논현동 192-1번지,02-517-4178
727,pelicana,여의도점,서울,영등포구,서울 영등포구 여의도동50 시범상가,02-782-0520
728,pelicana,대방점,서울,동작구,서울 동작구 대방동 11-51,02-817-7979
729,pelicana,봉천점,서울,관악구,서울 관악구 봉천동 885-1번지,02-877-1122
730,pelicana,신정1점,서울,양천구,"서울 양천구 은행정로 5길 28,1층 102호(신정동)",02-2651-9288
731,pelicana,신도림점,서울,구로구,서울 구로구 신도림동 396 - 140,02-2632-6612
732,pelicana,신정7점,서울,양천구,서울 양천구 신정동 203-1,02-2648-5191
733,pelicana,구로가산점,서울,구로구,서울 구로구 구로동 792-22번지,02-853-0808
734,pelicana,독산점,서울,금천구,서울 금천구 독산동 179-12,02-853-7714
735,pelicana,목동점,서울,양천구,"서울 양천구 목동중앙서로 40 (목동,1층)",02-2061-9292
736,pelicana,사당점,서울,동작구,서울 동작구 사당동 312-9번지,02-588-9293
737,pelicana,신림점,서울,관악구,서울 관악구 신림동 96-87,02-872-6904
738,pelicana,개봉점,서울,구로구,"서울 구로구 고척로27길 58, 1층(개봉동)",02-2060-9253
739,pelicana,개봉2점,서울,구로구,서울 구로구 개봉동 357-22,02-2689-0900
740,pelicana,오류점,서울,구로구,서울 구로구 오류로 86,02-2066-1533
741,pelicana,가좌점,인천,서구,인천 서구 가좌동 142-45,032-582-0099
742,pelicana,신현점,인천,서구,인천 서구 신현동 279-5,032-578-7730
743,pelicana,청라점,인천,서구,인천 서구 청라라임로122번길10,032-566-9599
744,pelicana,하늘도시점,인천,중구,인천 중구 자연대로32,032-746-9998
745,pelicana,검암점,인천,서구,인천 서구 승학로 313-1,032-561-0702
746,pelicana,온수1점,인천,강화군,인천 강화군 길상면 온수길15,032-937-9392
747,pelicana,검단점,인천,서구,인천 서구 검단로 487번길 5,032-569-2848
748,pelicana,마전점,인천,서구,인천 서구 완정로 34번길 47,032-566-8295
749,pelicana,만수3점,인천,남동구,인천 남동구 만수6동 1026-1,032-467-1717
750,pelicana,주안점,인천,남구,인천 남구 주안8동 1528-14,032-431-2877
751,pelicana,구월3점,인천,남동구,인천 남동구 구월동 1359-20,032-766-9981
752,pelicana,연안점,인천,중구,인천 중구 항동7가 58-4 라이프상가 1-107,032-886-7851
753,pelicana,용현점,인천,남구,인천 남구 용현동 342-2,032-885-4229
754,pelicana,송림점,인천,동구,인천 동구 송림2동 55-1,032-773-3297
755,pelicana,인천논현점,인천,남동구,인천 남동구 논고개로 86,032-435-5599
756,pelicana,케이준 계양점,인천,계양구,인천 계양구 용종동 214-1,032-553-3927
757,pelicana,계산점,인천,계양구,인천 계양구 계수로1,032-551-0122
758,pelicana,효성점,인천,계양구,인천 계양구 효성동 192-1 (104호),032-553-9595
759,pelicana,구월점,인천,남동구,인천 남동구 구월동 1248-44,032-466-6222
760,pelicana,부개점,인천,부평구,인천 부평구 부개동 140-22,032-361-9952
761,pelicana,케이준 삼산점,인천,부평구,인천 부평구 삼산동440-1삼산타운 1단지 B상가103호,032-330-8600
762,pelicana,부평점,인천,부평구,인천 부평구 부평동 904-16,032-361-2555
763,pelicana,주안2점,인천,남구,인천 남구 주안2동 550-23,032-872-5028
764,pelicana,연수점,인천,연수구,인천 연수구 연수동 497-7,032-818-2616
765,pelicana,옥련청학점,인천,연수구,인천 연수구 옥련동 367-7,032-831-8292
766,pelicana,수유화계점,서울,강북구,서울 강북구 노해로17길 51,02-992-8881
767,pelicana,광희점,서울,중구,"서울 중구 마른내로 163,1층(광희동1가)",02-3273-9991
768,pelicana,연희점,서울,서대문구,서울 서대문구 증가로 34(연희동),02-325-9090
769,pelicana,정릉점,서울,성북구,서울 성북구 보국문로75,02-909-5150
770,pelicana,서교점,서울,마포구,"서울 마포구 성미산로 12, 1층 D호(성산동)",02-334-8384
771,pelicana,방학점,서울,도봉구,서울 도봉구 방학로 200-20,02-955-9696
772,pelicana,북가좌점,서울,서대문구,서울 서대문구 북가좌동 347-27,02-309-3430
773,pelicana,후암점,서울,용산구,서울 용산구 동자동 19-33,02-755-9595
774,pelicana,염리점,서울,마포구,서울 마포구 숭문4길 5,02-713-3340
775,pelicana,도화점,서울,마포구,서울 마포구 도화1동 25-4,02-702-6692
776,pelicana,응봉점,서울,성동구,서울 성동구 응봉동 193-118 1층,02-2293-3600
777,pelicana,역촌점,서울,은평구,서울 은평구 역촌동 34-1,02-384-8008
778,pelicana,우이점,서울,강북구,서울 강북구 우이동 72-65,02-902-1870
779,pelicana,번동점,서울,강북구,서울 강북구 번동 411-17,02-994-3232
780,pelicana,창동점,서울,도봉구,서울 도봉구 창동 804 대우APT 상가,02-905-0092
781,pelicana,쌍문점,서울,도봉구,서울 도봉구 시루봉로2길 66 1층 102호,02-900-3301
782,pelicana,녹천점,서울,도봉구,서울 도봉구 창동 38-1 주공17단지상가 101,02-995-4236
783,pelicana,월계미성점,서울,노원구,서울 노원구 월계동 17 미성상가 103,02-975-8892
784,pelicana,중곡점,서울,광진구,서울 광진구 중곡동 79-10,02-446-7831
785,pelicana,면목점,서울,중랑구,서울 중랑구 면목동 657-56,02-495-4716
786,pelicana,신내점,서울,중랑구,서울 중랑구 신내동 472-3,02-435-8485
787,pelicana,중계점,서울,노원구,서울 노원구 중계동 503 중계그린상가 B-107,02-971-4444
788,pelicana,수락산점,서울,노원구,서울 노원구 상계동 1110-6,02-936-4994
789,pelicana,칠금봉방점,충북,충주시,충북 충주시 연수동 1245,043-853-9288
790,pelicana,이류점,충북,충주시,충북 충주시 대소원면 대소원1길 21,043-851-9289
791,pelicana,충주용산점,충북,충주시,충북 충주시 용정2길 39-1(성남동),043-844-9292
792,pelicana,충북연수점,충북,충주시,충북 충주시 금릉동 708-2,043-845-9201
793,pelicana,수안보점,충북,충주시,충북 충주시 수안보면 장터1길 19,043-848-7278
794,pelicana,금가점,충북,충주시,충북 충주시 금가면 강수로 335,043-853-9191
795,pelicana,음성점,충북,음성군,충북 음성군 음성읍 시장로 43,043-872-1138
796,pelicana,괴산점,충북,괴산군,충북 괴산군 괴산읍 동부리 627-20,043-833-9959
797,pelicana,가경점,충북,청주시,충북 청주시 가경동1137번지,043-232-9999
798,pelicana,봉명점,충북,청주시,충북 청주시 흥덕구 봉명로149번길 6,043-265-9993
799,pelicana,감곡점,충북,음성군,충북 음성군 감곡면 장감로 189,043-877-9240
800,pelicana,진천점,충북,진천군,충북 진천군 진천읍 문화2길 12,043-534-8292
801,pelicana,복대점,충북,청주시,충북 청주시 흥덕구 성봉로 267,043-236-1717
802,pelicana,충북덕산점,충북,진천군,충북 진천군 덕산면 초금로 757-2,043-536-3521
803,pelicana,옥천점,충북,옥천군,충북 옥천군 옥천읍 금장로 113,043-733-1725
804,pelicana,배방점,충남,아산시,충남 아산시 배방읍 배방로173번길 20-18,041-541-3092
805,pelicana,동문점,충남,서산시,충남 서산시 한마음2로 49,041-665-9777
806,pelicana,석문점,충남,당진시,충남 당진시 석문면 해명4로3길 34,041-356-9700
807,pelicana,한진포구점,충남,당진시,충남 당진시 송악읍 한진포구길 27,041-358-0421
808,pelicana,예산덕산점,충남,예산군,충남 예산군 덕산면 봉운로 21,041-337-5311
809,pelicana,대천동점,충남,보령시,충남 보령시 남대천로 73,041-934-9294
810,pelicana,당진신평점,충남,당진시,충남 당진시 신평면 신평로 820,041-362-9233
811,pelicana,온양1동점,충남,아산시,충남 아산시 번영로 71,041-546-1077
812,pelicana,논산점,충남,논산시,충남 논산시 부창로100번길 13-19,041-736-6262
813,pelicana,충남서천점,충남,서천군,충남 서천군 서천읍 충절로29번길 18,041-953-9259
814,pelicana,방축점,충남,아산시,충남 아산시 온천대로 1333번길 15,041-549-0662
815,pelicana,당진1점,충남,당진시,충남 당진시 밤절로 103,041-357-9205
816,pelicana,안면점,충남,태안군,충남 태안군 안면읍 장터로 140-1,041-674-0097
817,pelicana,금산점,충남,금산군,충남 금산군 금산읍 금산로 1465,041-753-4808
818,pelicana,부여점,충남,부여군,충남 부여군 부여읍 석탑로 3,041-832-6979
819,pelicana,모종점,충남,아산시,충남 아산시 모종동 577-13,041-544-3910
820,pelicana,천북점,충남,보령시,충남 보령시 천북면 하궁길 10,041-641-2461
821,pelicana,해미점,충남,서산시,충남 서산시 해미면 남문1로 47,041-688-6662
822,pelicana,원북점,충남,태안군,충남 태안군 원북면 원이로 841-4,041-672-3599
823,pelicana,두정역점,충남,천안시,충남 천안시 서북구 두정역서1길 4-12 다온빌리지 1층상가,041-566-1111
824,pelicana,장재점,충남,아산시,충남 아산시 배방읍 연화로 36 연화마을8단지 상가2동 104호,041-534-5592
825,pelicana,초원점,충남,아산시,충남 아산시 음봉면 음봉로681번길 24 초원아파트109-101호,041-531-9295
826,pelicana,신방점,충남,천안시,충남 천안시 동남구 수곡2길 5,041-575-6236
827,pelicana,입장점,충남,천안시,충남 천안시 서북구 입장면 입장로 121 초원상가6-103호,041-584-5694
828,pelicana,쌍용봉명점,충남,천안시,충남 천안시 서북구 봉서5길 18,041-579-9990
829,pelicana,천안백석점,충남,천안시,충남 천안시 서북구 백석4길 12,041-523-9288
830,pelicana,성환점,충남,천안시,충남 천안시 서북구 성환읍 성환중앙로 47,041-581-9369
831,pelicana,직산점,충남,천안시,충남 천안시 서북구 성거읍 봉주로 111,041-583-6161
832,pelicana,차암공단점,충남,천안시,충남 천안시 서북구 직산읍 2공단5로 169 대림상가 105호,041-621-9292
833,pelicana,두정1점,충남,천안시,충남 천안시 서북구 늘푸른5길 22 골드프라자 110호,041-551-3392
834,pelicana,성정점,충남,천안시,충남 천안시 서북구 서부16길14,041-575-5457
835,pelicana,신부점,충남,천안시,충남 천안시 동남구 터미널2로 32 (신부동729번지),041-563-9292
836,pelicana,조촌점,전북,군산시,전북 군산시 조촌로 68 (조촌동),063-451-7666
837,pelicana,정읍수성점,전북,정읍시,전북 정읍시  중앙로95(수성동),063-535-3773
838,pelicana,익산영등점,전북,익산시,전북 익산시 고봉로22길 31 (영등동),063-852-9982
839,pelicana,수송점,전북,군산시,전북 군산시 월명로 305(수송동),063-466-7666
840,pelicana,산북소룡점,전북,군산시,전북 군산시 칠성안1길 17(산북동 104호),063-471-9282
841,pelicana,만경점,전북,김제시,전북 김제시 만경읍 만경로 804,063-545-3286
842,pelicana,나운지곡점,전북,군산시,전북 군산시 신평길 33-2(지곡동),063-463-9285
843,pelicana,나운1점,전북,군산시,전북 군산시 상나운로 86(나운동),063-463-8292
844,pelicana,김제점,전북,김제시,전북 김제시 동서로 133(요촌동),063-542-8292
845,pelicana,김제신풍점,전북,김제시,전북 김제시 검산택지5길 21-7(검산동),063-544-9282
846,pelicana,해남화원점,전남,해남군,전남 해남군 화원면 금평리 236-3,061-532-1353
847,pelicana,해남점,전남,해남군,전남 해남군 해남읍 해남로 4,061-533-3133
848,pelicana,한라삼호점,전남,영암군,전남 영암군 삼호읍 신항로 80(2층),061-462-6636
849,pelicana,하당점,전남,목포시,전남 목포시 하당로30번길 12(상동),061-284-2004
850,pelicana,퀸스빌점,전남,영암군,전남 영암군 삼호읍 삼호중앙로 129 (퀸스빌2차아파트 상가 101동 102호),061-462-9289
851,pelicana,창평점,전남,담양군,전남 담양군 창평면 의병로 137,061-383-7900
852,pelicana,진도점,전남,진도군,전남 진도군 진도읍 남동리 쌍정2길 30,061-542-3939
853,pelicana,광양중동점,전남,광양시,전남 광양시 진등길 10(중동),061-793-8599
854,pelicana,용해점,전남,목포시,전남 목포시 용당로 271-1(용해동),061-277-3168
855,pelicana,압해도점,전남,신안군,전남 신안군 압해면 압해로 889,061-271-1618
856,pelicana,순천대학점,전남,순천시,"전남 순천시 중앙로 270,1층(석현동)",061-751-2651
857,pelicana,송지점,전남,해남군,전남 해남군 송지면 산정1길 92,061-535-5554
858,pelicana,서면용당점,전남,순천시,전남 순천시 서면 강청길 88(1층),061-753-8295
859,pelicana,상동점,전남,목포시,전남 목포시 상리로1번길 16(상동),061-274-3999
860,pelicana,산정점,전남,목포시,전남 목포시 고하대로 656(산정동),061-278-0090
861,pelicana,법성점,전남,영광군,전남 영광군 법성면  연우로4(법성리),061-356-8185
862,pelicana,문수점,전남,여수시,전남 여수시 문수로 72(문수동),061-651-3886
863,pelicana,동정점,전남,여수시,전남 여수시 하멜로 18(고소동),061-654-9292
864,pelicana,돌산점,전남,여수시,전남 여수시 돌산읍 강남8길 30(돌산1차청솔아파트 상가동 102호),061-644-2777
865,pelicana,도초비금점,전남,신안군,전남 신안군 도초면 불섬길 85-12,061-275-6622
866,pelicana,대불점,전남,영암군,전남 영암군 삼호읍 대불주거1로5길 17,061-462-0092
867,pelicana,남창점,전남,해남군,전남 해남군 북평면 볼무당길 5,061-533-0805
868,pelicana,남악점,전남,무안군,"전남 무안군 삼향읍 남악5로46번길 22, 111호(황금먹거리장터)",061-984-8292
869,pelicana,국동점,전남,여수시,전남 여수시 국동 994-3,061-642-5272
870,pelicana,광영점,전남,광양시,전남 광양시 광영로 97(광영동),061-794-9982
871,pelicana,광양점,전남,광양시,전남 광양시 광양읍 호북길22,061-762-8154
872,pelicana,곡성점,전남,곡성군,전남 곡성군 곡성읍 중앙로 141,061-363-7870
873,pelicana,강진점,전남,강진군,전남 강진군 강진읍 영랑로3길 10,061-434-7722
874,pelicana,매곡월드점,울산,북구,"울산  북구 매곡1로 4-4, 1층 102호(매곡동)",052-298-3005
875,pelicana,울산천곡점,울산,북구,"울산 북구 관문길 6-1, 지상1층(천곡동)",052-292-9298
876,pelicana,쌍용아진점,울산,북구,울산 북구 가재길96,052-282-9255
877,pelicana,울산서동점,울산,중구,울산 중구 북부순환도로 879 (서동),052-293-9222
878,pelicana,반구점,울산,중구,울산 중구 화합로 395(반구동),052-285-0272
879,pelicana,태화점,울산,중구,울산 중구 신기2길 4(태화동),052-245-1220
880,pelicana,다운점,울산,중구,"울산 중구 다운로 29, 1층(다운동)",052-222-5656
881,pelicana,옥동점,울산,남구,울산 남구 문수로 369번길 10-1(옥동),052-269-9293
882,pelicana,명촌점,울산,북구,"울산 북구 명촌로 81, 1층(명촌동)",052-289-1400
883,pelicana,양정점,울산,북구,"울산 북구 염포로 555(양정동,1층)",052-287-9236
884,pelicana,남목점,울산,동구,울산 동구 미포2길 50(동부동),052-235-9446
885,pelicana,전하1호점,울산,동구,"울산 동구 전하로 8, 1층(전하동",052-234-3467
886,pelicana,울산일산점,울산,동구,울산 동구 방어진순환도로 709(일산동),052-235-3133
887,pelicana,방어진점,울산,동구,울산 동구 동진2길 17(방어동),052-201-9338
888,pelicana,울산삼산점,울산,남구,"울산 남구 화합로 178, 1층 (삼산동)",052-260-8293
889,pelicana,달동점,울산,남구,울산 남구 삼산로 254번길 23,052-257-7111
890,pelicana,신정1호점,울산,남구,울산 남구 월평로 69(신정동),052-261-0321
891,pelicana,야음점,울산,남구,울산 남구 수암로 241-2,052-267-9292
892,pelicana,덕하점,울산,울주군,울산 울주군 청량면 삼정로 769,052-268-7943
893,pelicana,덕신점,울산,울주군,"울산 울주군 온산읍 신온8길 18, 1층 102호",052-238-1882
894,pelicana,나사리점,울산,울주군,울산 울주군 서생면 나사해안길 61-1,052-238-3355
895,pelicana,훼미리점,울산,울주군,울산 울주군 상북면 궁근정리 846-14 진우훼미리상가 102,052-264-5848
896,pelicana,언양점,울산,울주군,울산 울주군 언양읍 남문길 14,052-263-9222
897,pelicana,전동점,세종,전동면,세종 전동면 전동로39-1,044-858-8883
898,pelicana,길천점,부산,기장군,부산 기장군 장안읍 길천리 224-5,051-727-3097
899,pelicana,좌천점,부산,기장군,부산 기장군 장안읍 좌천리 202-6,051-727-0807
900,pelicana,일광점,부산,기장군,부산 기장군 일광면 삼성리 33-1,051-722-1515
901,pelicana,기장점,부산,기장군,부산 기장군 기장읍 차성로 288번길 66,051-721-5577
902,pelicana,부산서동점,부산,금정구,부산 금정구 서동 205-13,051-531-2557
903,pelicana,명장점,부산,동래구,"부산 동래구 반송로 339번길 8, 1동 101호(명장동,협진태양아파트상가)",051-522-9285
904,pelicana,공항점,부산,강서구,부산 강서구 공항진입로42번길,051-971-9282
905,pelicana,개금엘지점,부산,부산진구,"부산 부산진구 백양대로 309(개금동,(1층))",051-896-4480
906,pelicana,금곡점,부산,북구,부산 북구 금곡대로 470번길35,051-361-4148
907,pelicana,화명점,부산,북구,부산 북구 화명1동 1130-9,051-341-3392
908,pelicana,구포1호점,부산,북구,부산 북구 구포시장길 44(구포동),051-337-7377
909,pelicana,구포3호점,부산,북구,부산 북구 시랑로 72-1(구포동),051-336-1244
910,pelicana,덕천점,부산,북구,부산 북구 덕천동 의성로 115번길 3,051-338-9977
911,pelicana,만덕점,부산,북구,부산 북구 만덕2로 32(만덕동),051-331-5877
912,pelicana,온천장점,부산,동래구,부산 동래구 금강로 90(온천동),051-556-9233
913,pelicana,장전점,부산,금정구,부산  금정구 금정로 149번길 8(장전동),051-583-6262
914,pelicana,미남점,부산,동래구,"부산 동래구 여고북로 109 (온천동,1층)",051-503-8292
915,pelicana,사직1호점,부산,동래구,"부산 동래구 사직북로57번 가길 6, 1층(사직동)",051-507-8081
916,pelicana,사직운동장점,부산,동래구,"부산 동래구 여고로 7, 1층(사직동)",051-505-9283
917,pelicana,거제점,부산,연제구,부산 연제구 아시아드대로 46번길 7(거제동),051-502-9943
918,pelicana,연산1호점,부산,연제구,부산 연제구 쌍미천로 126(연산동),051-851-1253
919,pelicana,망미배산점,부산,수영구,부산 수영구 연수로263번길 4,051-751-0026
920,pelicana,전포점,부산,부산진구,부산 부산진구 전포동 전포대로294,051-804-9280
921,pelicana,문현2호점,부산,남구,부산 남구 전포대로 77번길 9-2(문현동),051-631-2568
922,pelicana,문현점,부산,남구,부산 남구 문현동 351-6,051-642-5243
923,pelicana,감만점,부산,남구,부산 남구 신선로 313-1,051-631-9288
924,pelicana,대연점,부산,남구,부산 남구 석포로 79(대연동),051-622-9254
925,pelicana,용호시장점,부산,남구,"부산 남구 용호로 190, 1층(용호동)",051-623-0202
926,pelicana,용호점,부산,남구,부산 남구 동명로 121(용호동),051-611-9201
927,pelicana,남천점,부산,수영구,"부산 수영구 남천동로 7, 1층(남천동,장우빌딩)",051-624-9282
928,pelicana,광안점,부산,수영구,부산 수영구 광안동  537-2 ,051-757-7781
929,pelicana,송정점,부산,해운대구,부산 해운대구 송정중앙로23-1,051-704-9777
930,pelicana,신도시2호점,부산,해운대구,부산 해운대구 좌동 1288 대동타운분산상가 203,051-701-3331
931,pelicana,수영점,부산,수영구,부산 수영구 수영로 725번길 14(수영동),051-757-4004
932,pelicana,망미점,부산,수영구,부산 수영구 망미번영로 79 (망미동),051-758-7747
933,pelicana,반여2동점,부산,해운대구,"부산 해운대구 해운대로 61번길 98-1, 1층 (반여동)",051-782-3392
934,pelicana,반여점,부산,해운대구,부산 해운대구 반여로 167번길 70(반여동),051-524-0238
935,pelicana,안락점,부산,동래구,부산 동래구 충렬대로 428번길 50(안락동),051-525-1105
936,pelicana,학장점,부산,사상구,부산 사상구 학장동 574-111 삼성아파트상가 1-102,051-316-1999
937,pelicana,하단1호점,부산,사하구,"부산 사하구 하신번영로 360(하단동, 1층 우측)",051-293-9266
938,pelicana,장림점,부산,사하구,부산 사하구 장림동 604-209,051-264-5959
939,pelicana,다대점,부산,사하구,부산 사하구 다대로 397(다대동),051-263-5567
940,pelicana,신평점,부산,사하구,부산 사하구 다대로 136번길 3 (신평동),051-206-1097
941,pelicana,당리점,부산,사하구,부산 사하구 당리동 324-27,051-294-8292
942,pelicana,괴정1호점,부산,사하구,부산 사하구 까치고개로 10(괴정동),051-207-7227
943,pelicana,부산동해점,부산,서구,부산 서구 남부민동 33-6 흥아맨션 307호,051-255-8228
944,pelicana,감천점,부산,사하구,"부산 사하구 감천로 111, 1층(감천동)",051-201-1235
945,pelicana,동삼점,부산,영도구,부산 영도구 동삼북로20,051-405-7787
946,pelicana,부산청학점,부산,영도구,"부산 영도구 청학로 32, 4층 2호(청학동)",051-413-4423
947,pelicana,동구청점,부산,동구,부산 동구 수정로 18(수정동),051-441-9985
948,pelicana,범천점,부산,부산진구,"부산 부산진구 가야대로 702, 101동 103호(범천동, 서면 e-편한세상상가)",051-803-1992
949,pelicana,주례점,부산,사상구,부산 사상구 가야대로 306번길 69(주례동),051-315-9292
950,pelicana,부산가야점,부산,부산진구,부산 부산진구 가야대로 631-1,051-891-0787
951,pelicana,당감1호점,부산,부산진구,부산 부산진구 백양순환로113,051-894-3999
952,pelicana,부암점,부산,부산진구,"부산 부산진구 시민공원로 19번길 38-6(부암동,1층)",051-806-6266
953,pelicana,시민공원점,부산,부산진구,"부산 부산진구 범양로 113, 1층(양정동)",051-992-9292
954,pelicana,한남대점,대전,대덕구,대전 대덕구 한남로 28,042-624-9100
955,pelicana,어은점,대전,유성구,대전 유성구 어은로48번길 9-5,042-861-9255
956,pelicana,로하스점,대전,대덕구,대전 대덕구 대덕대로 1583,042-936-2000
957,pelicana,도안목원대점,대전,유성구,대전 유성구 원신흥남로 58,042-826-4492
958,pelicana,비래가양점,대전,대덕구,대전 대덕구 우암로 412,042-621-9982
959,pelicana,부사점,대전,중구,대전 중구 대종로316번길 2,042-253-3588
960,pelicana,둔산녹원점,대전,서구,대전 서구 계룡로491번길 28,042-485-7778
961,pelicana,타임월드점,대전,서구,대전 서구 갈마역로 10,042-471-6656
962,pelicana,전민점,대전,유성구,대전 유성구 전민로38번길 33,042-861-9005
963,pelicana,도마점,대전,서구,대전 서구 도솔로 137,042-528-9238
964,pelicana,대전성남점,대전,동구,대전 동구 성남로 28,042-673-9044
965,pelicana,둔산점,대전,서구,대전 서구 둔산북로 175,042-482-7979
966,pelicana,중리점,대전,대덕구,대전 대덕구 중리남로 48,042-622-9266
967,pelicana,송촌2점,대전,대덕구,대전 대덕구 동춘당로54번길 40-6,042-622-9233
968,pelicana,갈마점,대전,서구,대전 서구 갈마중로7번길 29,042-525-5163
969,pelicana,신인점,대전,동구,대전 동구 계족로 87,042-283-4338
970,pelicana,덕암점,대전,대덕구,대전 대덕구 덕암로 222,042-933-1212
971,pelicana,용운점,대전,동구,대전 동구 용운로147번길 123,042-284-8266
972,pelicana,관저1점,대전,서구,대전 서구 도안남로 148,042-545-3392
973,pelicana,태평점,대전,중구,대전 중구 수침로55번길 7,042-525-6720
974,pelicana,용두점,대전,중구,대전 중구 중앙로 13번길 63,042-256-9595
975,pelicana,대전목동점,대전,중구,대전 중구 목동로48-1,042-254-7777
976,pelicana,송촌1점,대전,대덕구,대전 대덕구 계족로690번길 21 선비마을1단지상가 104,042-672-9911
977,pelicana,괴정점,대전,서구,대전 서구 도산로369번길 91,042-536-0124
978,pelicana,대전산호점,대전,서구,대전 서구 계룡로571번길 65 상가 103호,042-488-2285
979,pelicana,하남점,광주,광산구,광주 광산구 월곡반월로 28(월곡동 1동),062-951-5912
980,pelicana,주월점,광주,남구,광주 남구 서문대로 749번길 15-1(주월동),062-673-7334
981,pelicana,운암점,광주,북구,광주 북구 운암1동 930-8,062-531-4898
982,pelicana,양산첨단2점,광주,북구,광주 북구 임방울대로1041번길 24(용두동 1층),062-574-8292
983,pelicana,송하점,광주,남구,광주 남구 송하동 258-7,062-676-9252
984,pelicana,광주송정점,광주,광산구,"광주 광산구 송도로 319, 1층(송정동)",062-941-9979
985,pelicana,문흥점,광주,북구,광주 북구 대천로 139번길 8-7(문흥동),062-267-8511
986,pelicana,두암타운점,광주,동구,광주 동구 산수동 밤실로 147 (두암타운상가 105호),062-261-2962
987,pelicana,영주1점,경북,영주시,경북 영주시 대학로 261번길 36(가흥동),054-631-7711
988,pelicana,신안점,경북,안동시,경북 안동시 안막동 69-9,054-852-4273
989,pelicana,의성점,경북,의성군,경북 의성군 의성읍 문소1길 117,054-832-6225
990,pelicana,성동점,경북,상주시,경북 상주시 성동 193 - 3 번지,054-536-1442
991,pelicana,낙양점,경북,상주시,경북 상주시 낙양동 199-1,054-535-0599
992,pelicana,휴천점,경북,영주시,경북 영주시 영주로 330번길 56(휴천동),054-636-9636
993,pelicana,진보점,경북,청송군,경북 청송군 진보면 진안79-2,054-874-2646
994,pelicana,점촌점,경북,문경시,경북 문경시 모전동 52-9,054-552-5882
995,pelicana,예천점,경북,예천군,경북 예천군 예천읍 효자로 65,054-653-8892
996,pelicana,법원점,경북,포항시,경북 포항시 북구 법원로 154 (양덕동),054-252-9946
997,pelicana,평해점,경북,울진군,경북 울진군 평해읍 평해로 58,054-787-8483
998,pelicana,황성점,경북,경주시,경북 경주시 용담로 116번길  61-5    103동  101호 신흥2차,054-773-9992
999,pelicana,시래점,경북,경주시,경북 경주시 구매3길 28(시래동),054-771-7980
1000,pelicana,안강점,경북,경주시,경북 경주시 안강읍 비화원로 85,054-761-0087
1001,pelicana,보문점,경북,경주시,경북 경주시 신평동 150-9,054-748-7484
1002,pelicana,영천점,경북,영천시,경북 영천시 야사동 283-38,054-334-9709
1003,pelicana,포항오천점,경북,포항시,경북 포항시 남구오천읍용덕리322-15,054-293-9912
1004,pelicana,연일점,경북,포항시,경북 포항시 남구 연일읍 철강로25번길 52,054-278-9907
1005,pelicana,동해점,경북,포항시,경북 포항시 남구동해면 약전1리291-1,054-284-4957
1006,pelicana,효자점,경북,포항시,경북 포항시 남구 효자동 308-16,054-282-3324
1007,pelicana,흥해점,경북,포항시,경북 포항시 북구 흥해읍 흥해로 21,054-261-7786
1008,pelicana,환호점,경북,포항시,경북 포항시 북구환호동512-7,054-252-6588
1009,pelicana,기계점,경북,포항시,경북 포항시 북구 기계면 현내리 404-5,054-246-0088
1010,pelicana,감포점,경북,경주시,경북 경주시 감포읍 감포리 50-2,054-777-3457
1011,pelicana,달전점,경북,포항시,경북 포항시 북구 흥해읍 달전로 365,054-261-7892
1012,pelicana,충효점,경북,경주시,경북 경주시 충효녹지길 128-9(충효동),054-742-8285
1013,pelicana,아화점,경북,경주시,경북 경주시 서면 내서로 406,054-751-0331
1014,pelicana,신암점,대구,동구,대구 동구 아양로15길 49,053-958-3999
1015,pelicana,성주점,경북,성주군,경북 성주군 성주읍 성산리 2098-2번지,054-931-9292
1016,pelicana,진량점,경북,경산시,경북 경산시 진량읍 신상리 205-1,053-851-9959
1017,pelicana,효신점,대구,동구신천4동436-7,대구 동구신천4동436-7,053-756-6114
1018,pelicana,대구범어점,대구,수성구,대구 수성구 범어4동114-1,053-745-5598
1019,pelicana,진천사랑점,대구,달서구,대구 달서구 월배로 32-1 진천우체국,053-643-0006
1020,pelicana,화원점,대구,달성군,대구 달성군 화원읍 비슬로523길4-5,053-636-9992
1021,pelicana,상인점,대구,달서구,대구 달서구 상인동 1474-1 보성산호상가 102호,053-636-4333
1022,pelicana,대명1점,대구,남구,"대구 남구 안골길 15,1층",053-622-9888
1023,pelicana,논공점,대구,달성군,대구 달성군 논공읍 북리 803-142,053-615-0697
1024,pelicana,현풍점,대구,달성군,대구 달성군 현풍면 중리295-1,053-611-9233
1025,pelicana,감삼점,대구,달서구,대구 달서구 감삼동205-12,053-566-0292
1026,pelicana,대구신천점,대구,동구,대구 동구 신천동633 동신우방상가108-108,053-422-9277
1027,pelicana,방촌점,대구,동구,대구 동구 방촌동902-7 현대상가,053-984-3185
1028,pelicana,시지1점,대구,수성구,대구 수성구 노변공원로1길 6-5(시지동),053-793-9960
1029,pelicana,두류점,대구,달서구,대구 달서구 야외음악당로 163,053-654-2064
1030,pelicana,대명계대점,대구,남구,대구 남구 대명3동2262-47번지,053-652-9982
1031,pelicana,명곡점,대구,달성군,대구 달성군 화원읍 명곡로 12-5,053-644-9902
1032,pelicana,죽곡점,대구,달성군,대구 달성군 다사읍 대실역남로 4길 30-26,053-586-8870
1033,pelicana,왜관점,경북,칠곡군,경북 칠곡군 왜관읍왜관리774,054-971-4110
1034,pelicana,석적중리점,경북,칠곡군,경북 칠곡군 석적읍 중리201-10,054-971-3825
1035,pelicana,용산점,대구,달서구,"대구 달서구 와룡로49길 103,1층",053-563-9997
1036,pelicana,서재점,대구,달성군,대구 달성군 다사읍 서재리 서재로 108,053-585-8145
1037,pelicana,성서1점,대구,달서구,대구 달서구 이곡동 752-19,053-581-1256
1038,pelicana,고아점,경북,구미시,경북 구미시 고아읍 오로리 460-1에덴상가 203호,054-481-3006
1039,pelicana,옥계점,경북,구미시,경북 구미시 구포동671-2,054-475-9950
1040,pelicana,산동점,경북,구미시,경북 구미시 산동면 강동로 1028-6,054-475-8299
1041,pelicana,진평점,경북,구미시,경북 구미시 진평동458,054-471-1741
1042,pelicana,구미1호점,경북,구미시,경북 구미시 신평1동150-17,054-463-4545
1043,pelicana,상모점,경북,구미시,경북 구미시 사곡로5길 11,054-462-9982
1044,pelicana,원평점,경북,구미시,경북 구미시 남통동14-44,054-458-6117
1045,pelicana,도량점,경북,구미시,경북 구미시 도량동245-2,054-442-1414
1046,pelicana,원호점,경북,구미시,경북 구미시 고아읍 원호리 449번지,054-441-1033
1047,pelicana,대곡점,경북,김천시,경북 김천시 부곡동 990-2,054-437-8292
1048,pelicana,직지점,경북,김천시,경북 김천시 대항면복전리548-32,054-436-8998
1049,pelicana,신음점,경북,김천시,경북 김천시 신음동1302-5,054-433-9233
1050,pelicana,인의황상점,경북,구미시,경북 구미시 여헌로14길 10,054-474-7940
1051,pelicana,덕곡율곡점,경북,김천시,경북 김천시 아포대로 22,054-437-9992
1052,pelicana,아포점,경북,김천시,경북 김천시 아포읍 국사리 1047번지102호,054-431-0082
1053,pelicana,지좌점,경북,김천시,경북 김천시 황산2길 36 (지좌동),054-434-1919
1054,pelicana,팔달점,대구,서구,대구 서구 서대구로68길 58(비산동),053-352-9959
1055,pelicana,칠곡2지구점,대구,북구,대구 북구 구암동 684-5,053-326-9949
1056,pelicana,대구태전점,대구,북구,"대구 북구 칠곡중앙대로53길32,상가동107호",053-311-9930
1057,pelicana,회원점,경남,창원시,경남 창원시 마산회원구 회원동 29-15,055-244-0116
1058,pelicana,하동점,경남,하동군,경남 하동군 하동읍 중앙2길 10-4,055-884-1377
1059,pelicana,팔용점,경남,창원시,경남 창원시 의창구 팔용동 194-7 1층,055-297-9218
1060,pelicana,태룡점,경남,밀양시,경남 밀양시 단장면 태룡리 407-5,055-356-0274
1061,pelicana,칠원점,경남,함안군,경남 함안군 칠원읍 구성길3,055-587-3037
1062,pelicana,진성점,경남,진주시,"경남 진주시 진성면 동부로 1348, 2층",055-758-3236
1063,pelicana,지산점,경남,창원시,경남 창원시 마산합포구 진북면 지산리 250-16,055-271-4348
1064,pelicana,지곡점,경남,함양군,경남 함양군 지곡면 병곡지곡로 963-1,055-963-6050
1065,pelicana,주공점,경남,거제시,"경남 거제시 성산로 20, 1층(옥포동, 무지개타운상가)",055-687-6333
1066,pelicana,장평점,경남,거제시,경남 거제시 장평동 626-8,055-637-1950
1067,pelicana,자은점,경남,창원시,경남 창원시 진해구 자은동 975-12 1층 102호,055-551-9991
1068,pelicana,자산점,경남,창원시,경남 창원시 마산합포구 자산동 189-3,055-248-1581
1069,pelicana,일반성점,경남,진주시,경남 진주시 일반성면 창촌리 47-1,055-754-6786
1070,pelicana,위천점,경남,거창군,경남 거창군 위천면 장기리 418-18,055-942-6102
1071,pelicana,창원웅천점,경남,창원시,경남 창원시 진해구 북부동 560-4 대풍연립 101,055-545-1996
1072,pelicana,웅양점,경남,거창군,경남 거창군 웅양면 웅양로 1428,055-942-8858
1073,pelicana,용원점,경남,창원시,경남 창원시 진해구 안골로298번길 26 푸르지오 상가 1동 104호,055-552-1881
1074,pelicana,옥포점,경남,거제시,경남 거제시 옥포동 546-18,055-687-9292
1075,pelicana,옥수점,경남,거제시,경남 거제시 능포동 717-2,055-681-9252
1076,pelicana,안의점,경남,함양군,경남 함양군 안의면 금천리 160-5,055-962-0185
1077,pelicana,신반점,경남,의령군,경남 의령군 부림면 신반리 168-9,055-574-7709
1078,pelicana,수월점,경남,거제시,"경남 거제시 수양로 494, 1층 101(일부)호(양정동)",055-636-9297
1079,pelicana,수산점,경남,밀양시,경남 밀양시 하남읍 시서상가길 11,055-391-5008
1080,pelicana,수동점,경남,함양군,경남 함양군 수동면 화산리 1201-6,055-963-2292
1081,pelicana,상봉점,경남,진주시,경남 진주시 북장대로 81번길 11(상봉동),055-746-9253
1082,pelicana,삼랑진점,경남,밀양시,경남 밀양시 삼랑진읍 만어로 8-4 1층,055-351-2305
1083,pelicana,창원삼계점,경남,창원시,경남 창원시 마산회원구 내서읍 삼계리 637번지,055-232-9222
1084,pelicana,산호점,경남,창원시,경남 창원시 마산합포구 산호남로 6(산호동),055-245-0272
1085,pelicana,산청점,경남,산청군,경남 산청군 산청읍 친환경로 2668,055-973-7323
1086,pelicana,사곡점,경남,거제시,"경남 거제시 사등면 두동로 30, 지하1층 206호(경남아너스빌상가)",055-633-7060
1087,pelicana,봉평점,경남,통영시,"경남 통영시 데메4길 45, 1호(도남동,세인상가)",055-644-9290
1088,pelicana,반림점,경남,창원시,경남 창원시 성산구 중앙동 74-6 1층 B호,055-261-3266
1089,pelicana,동마산점,경남,창원시,경남 창원시 마산회원구 합성동 13길 57 1층,055-295-6422
1090,pelicana,대산점,경남,함안군,경남 함안군 대산면 대산중앙로 214,055-582-8521
1091,pelicana,창원대방점,경남,창원시,경남 창원시 성산구 대정로131,055-275-9917
1092,pelicana,남해점,경남,남해군,경남 남해군 남해읍 화전로78번길 17,055-864-5894
1093,pelicana,남면점,경남,남해군,경남 남해군 남면 남서대로 777,055-862-7574
1094,pelicana,남해이동점,경남,남해군,경남 남해군 이동면 무림로 81-1,055-863-0840
1095,pelicana,군북점,경남,함안군,경남 함안군 군북면 중암리 60-1,055-585-9200
1096,pelicana,구조라점,경남,거제시,경남 거제시 일운면 구조라리 375,055-681-9797
1097,pelicana,구암점,경남,창원시,경남 창원시 마산회원구 구암북2길 6(구암동),055-299-2450
1098,pelicana,공단점,경남,진주시,경남 진주시 상평동 227 동국1차(아)상가 102,055-758-3534
1099,pelicana,거제고현점,경남,거제시,경남 거제시 거제중앙로27길 15(고현동),055-635-7649
1100,pelicana,거창점,경남,거창군,경남 거창군 거창읍 상림리 42-10,055-944-4776
1101,pelicana,가야점,경남,함안군,경남 함안군 가야읍 도항리 95-1 1층,055-583-8021
1102,pelicana,소주동점,경남,양산시,경남 양산시 대평들2길 17(주남동),055-362-2918
1103,pelicana,양산명동점,경남,양산시,경남 양산시 신명동 7길 56(명동),055-362-3555
1104,pelicana,덕계점,경남,양산시,경남 양산시 덕계2길 20(덕계동),055-363-9901
1105,pelicana,무계점,경남,김해시,"경남 김해시 장유로 301번길 3, 207호(무계동,청학프라자)",055-322-8886
1106,pelicana,율하점,경남,김해시,"경남 김해시 율하2로 123, 113동 106호(율하동,율현마을동원로얄듀크아파트1차상가)",055-321-9288
1107,pelicana,갑오점,경남,김해시,경남 김해시 장유면 대청리 332-4 대청프라자 A-218,055-332-7891
1108,pelicana,진영신도시점,경남,김해시,경남 김해시 진영읍 김해대로 365번길 18,055-342-6080
1109,pelicana,김해명동점,경남,김해시,경남 김해시 한림면 명동로 7,055-345-2864
1110,pelicana,생림점,경남,김해시,경남 김해시 생림면 생림대로 960,055-323-3980
1111,pelicana,삼계점,경남,김해시,경남 김해시 가야로30번길 17(삼계동),055-333-9282
1112,pelicana,경남외동점,경남,김해시,경남 김해시 외동 1246-3,055-331-1444
1113,pelicana,부원점,경남,김해시,경남 김해시 가락로23번길7,055-322-9290
1114,pelicana,어방점,경남,김해시,"경남 김해시 활천로 214번길5,101호(어방동,송대아트빌라)",055-327-8292
1115,pelicana,삼방시장점,경남,김해시,경남 김해시 삼안로 237(삼방동),055-312-8255
1116,pelicana,내원점,경남,양산시,경남 양산시 하북면 용연리 510-4,055-375-3692
1117,pelicana,석계점,경남,양산시,경남 양산시 상북면 상북중앙로 349,055-374-7723
1118,pelicana,어곡점,경남,양산시,경남 양산시 어곡동 9-3,055-367-9298
1119,pelicana,양산1호점,경남,양산시,경남 양산시 북부동 428-8,055-366-5592
1120,pelicana,범어점,경남,양산시,경남 양산시 물금읍 동중1길 28,055-367-9494
1121,pelicana,화도가곡점,경기,남양주시,경기 남양주시 화도읍 비룡로 331,031-593-0808
1122,pelicana,마석점,경기,남양주시,경기 남양주시 화도읍 마석로17번 안길 1-4,031-593-4045
1123,pelicana,평내점,경기,남양주시,경기 남양주시 평내동 142,031-591-0993
1124,pelicana,퇴계원점,경기,남양주시,경기 남양주시 퇴계원면 퇴계원로 78번길 1,031-572-1999
1125,pelicana,오남점,경기,남양주시,"경기 남양주시 오남읍 진건오남로512번길 23, 110호~111호",031-513-9292
1126,pelicana,진접택지점,경기,남양주시,경기 남양주시 진접읍 해밀예당2로 121,031-573-9888
1127,pelicana,장현산호점,경기,남양주시,경기 남양주시 진접읍 금강로 1530-16(산호아파트상가 106호),031-571-5394
1128,pelicana,광릉점,경기,남양주시,경기 남양주시 진접읍 부평로 42(진접센트레빌시티),031-515-1092
1129,pelicana,광적점,경기,양주시,경기 양주시 광적면 가래비길 67,031-836-9191
1130,pelicana,은현점,경기,양주시,경기 양주시 은현면 선암리 335-1,031-867-6966
1131,pelicana,문산점,경기,파주시,"경기 파주시 문산읍 우계로 472, 1동 104호(두산위브상가)",031-953-9233
1132,pelicana,봉일천점,경기,파주시,경기 파주시 조리읍 봉천로 18,031-941-0444
1133,pelicana,교하점,경기,파주시,"경기 파주시 청석로 334, 102호(다율동, 청석마을동문굿모닝힐상가)",031-946-9955
1134,pelicana,가좌대화점,경기,고양시,경기 고양시 일산서구 가좌1로 73,031-921-9248
1135,pelicana,탄현점,경기,고양시,경기 고양시 일산서구 일현로 122 (동성상가 103호,031-919-9201
1136,pelicana,풍동점,경기,고양시,경기 고양시 일산동구 숲속마을1로 48번길 42 103호,031-904-8592
1137,pelicana,백석점,경기,고양시,경기 고양시 일산동구 강촌로 144,031-908-9292
1138,pelicana,고양원당점,경기,고양시,경기 고양시 덕양구 마상로154번길 2(성사동),031-968-9892
1139,pelicana,사리현점,경기,고양시,경기 고양시 일산동구 공릉천로 32,031-969-9555
1140,pelicana,화정부영점,경기,고양시,경기 고양시 덕양구 화중로 220 달빛마을,031-968-3392
1141,pelicana,별빛점,경기,고양시,경기 고양시 덕양구 화신로 284,031-972-3392
1142,pelicana,화정주공점,경기,고양시,경기 고양시 덕양구 백양로 6,031-938-0404
1143,pelicana,가라뫼점,경기,고양시,경기 고양시 덕양구 행신로 311번길 16,031-973-9289
1144,pelicana,원흥점,경기,고양시,"경기 고양시 덕양구 서삼릉1길 70, 1층일부(원흥동)",031-965-9292
1145,pelicana,삼송리점,경기,고양시,경기 고양시 삼송로185번길,02-381-1188
1146,pelicana,구리점,경기,구리시,경기 구리시 원수택로 47-1,031-562-8292
1147,pelicana,민락2호점,경기,의정부시,경기 의정부시 오목로225번길 79-16 1층(민락동),031-853-8321
1148,pelicana,금오점,경기,의정부시,경기 의정부시 추동로94,031-847-9222
1149,pelicana,의정부5호점,경기,의정부시,경기 의정부시 경의로 86(의정부동),031-876-3737
1150,pelicana,용문점,경기,양평군,경기 양평군 용문면 다문중앙1길 15,031-774-5420
1151,pelicana,양수리점,경기,양평군,경기 양평군 양서면 용담리 507-46,031-772-7974
1152,pelicana,청평점,경기,가평군,경기 가평군 청평면 청평중앙로 64,031-585-8960
1153,pelicana,가평점,경기,가평군,"경기 가평군 가평읍 가화로 133, 1층",031-582-9191
1154,pelicana,가평현리점,경기,가평군,경기 가평군 조종면 현창로38번길 11,031-585-1090
1155,pelicana,호원점,경기,의정부시,경기 의정부시 호원동 454-14,031-871-7959
1156,pelicana,신곡점,경기,의정부시,경기 의정부시 장금로78번길 49(신곡동),031-856-8286
1157,pelicana,송우리점,경기,포천시,경기 포천시 소흘읍 태봉로 166번길 5,031-544-9696
1158,pelicana,가산점,경기,포천시,경기 포천시 가산면 가산로 370,031-543-0575
1159,pelicana,포천점,경기,포천시,경기 포천시 호병로 55,031-535-9292
1160,pelicana,관인점,경기,포천시,경기 포천시 관인면 관인로 21,031-534-9555
1161,pelicana,전곡점,경기,연천군,경기 연천군 전곡읍 전곡로 216,031-832-9942
1162,pelicana,상패점,경기,동두천시,경기 동두천시 상패로 186,031-865-1102
1163,pelicana,동두천2호점,경기,동두천시,"경기 동두천시 동두천로63, 1층 102호(송내동, 상가동)",031-858-9252
1164,pelicana,덕정점,경기,양주시,경기 양주시 덕정길 50,031-858-9297
1165,pelicana,삼숭점,경기,양주시,경기 양주시 삼숭로38번길 102,031-846-9294
1166,pelicana,구래점,경기,김포,경기 김포 한강9로 12번길 8-6 (구래동 6896-14),031-996-3392
1167,pelicana,김포장기점,경기,김포시,경기 김포시 장기동 1407,031-989-9242
1168,pelicana,사우북변점,경기,김포시,경기 김포시 사우동 225-3 103호,031-983-9208
1169,pelicana,풍무점,경기,김포시,경기 김포시 풍무동 629 1층 103호,031-983-3889
1170,pelicana,평택태평점,경기,평택시,경기 평택시 고덕면 궁리 75,031-664-5548
1171,pelicana,평택세교점,경기,평택시,경기 평택시 세교2로 45 상가 109,031-656-9366
1172,pelicana,지산서정점,경기,평택시,경기 평택시 서정동 799-2,031-667-8253
1173,pelicana,고현점,경기,오산시,경기 오산시 고현동 17,031-378-8292
1174,pelicana,누읍점,경기,오산시,경기 오산시 누읍로 20,031-373-9282
1175,pelicana,오산세교점,경기,오산시,경기 오산시 청학로250,031-378-6606
1176,pelicana,오산은계점,경기,오산시,경기 오산시 은계동 33-3,031-377-9245
1177,pelicana,금호점,경기,수원시,경기 수원시 권선구 금호로 28,031-891-1515
1178,pelicana,서수원점,경기,수원시,경기 수원시 권선구 구운동 525-4,031-291-7885
1179,pelicana,송죽조원점,경기,수원시,경기 수원시 장안구 송죽동 500,031-245-6966
1180,pelicana,화서점,경기,수원시,경기 수원시 팔달구 화서동 184-348,031-247-5754
1181,pelicana,권선점,경기,수원시,경기 수원시 권선동 1028-6번지,031-222-8202
1182,pelicana,곡반정점,경기,수원시,경기 수원시 권선구 곡반정동 569-16,031-222-9799
1183,pelicana,매탄점,경기,수원시,경기 수원시 영통구 매탄동 196-79,031-212-2457
1184,pelicana,광교점,경기,수원시,경기 수원시 영통구 법조로 149번길 190,031-215-9282
1185,pelicana,흥덕점,경기,수원시,경기 수원시 영통구 삼성로 320번길 35,031-217-9283
1186,pelicana,오목천점,경기,수원시,경기 수원시 권선구 매송고색로 526,031-227-1033
1187,pelicana,기안점,경기,화성시,경기 화성시 기안동 354-1,031-224-5646
1188,pelicana,봉담점,경기,화성시,경기 화성시 봉담읍 상리15-10,031-227-0052
1189,pelicana,동탄2점,경기,화성시,경기 화성시 지산1길 22-1 103호(영천동),031-378-6644
1190,pelicana,병점점,경기,화성시,경기 화성시 병점로 37-6,031-226-8600
1191,pelicana,반도체점,경기,화성시,경기 화성시 삼성1로6길 11-2,031-202-2374
1192,pelicana,서천점,경기,용인시,경기 용인시 기흥구 서천서로12번길 4-11,031-206-9266
1193,pelicana,남양점,경기,화성시,경기 화성시 남양동 547,031-357-9980
1194,pelicana,팔탄점,경기,화성시,경기 화성시 팔탄면 서촌길 16,031-352-6787
1195,pelicana,안중점,경기,평택시,경기 평택시 안중읍 안중로18번길 2-19,031-681-9688
1196,pelicana,향남점,경기,화성시,"경기 화성시 향남읍 행정동로 86, 103호",031-354-9124
1197,pelicana,발안점,경기,화성시,경기 화성시 향남읍 3.1만세로 1109-29,031-353-0015
1198,pelicana,왕림점,경기,화성시,경기 화성시 봉담읍 왕림 405-1,031-298-6531
1199,pelicana,성남태평점,경기,성남시,경기 성남시 수정구 태평동 2359,031-755-9990
1200,pelicana,금광점,경기,성남시,경기 성남시 중원구 금광동 4314 104호,031-732-9229
1201,pelicana,상대원점,경기,성남시,경기 성남시 중원구 상대원동 1132,031-604-0123
1202,pelicana,수지상현점,경기,용인시,경기 용인시 상현동 859 롯데아파트상가 116호,031-266-9292
1203,pelicana,성남,경기도,성남시,경기도 성남시 수정구 성남대로 1180번길 5-1(수진동),031-754-3384
1204,pelicana,야탑점,경기,성남시,경기 성남시 분당구 매화로38번길9-1,031-709-1577
1205,pelicana,동판교점,경기,성남시,경기 성남시 분당구 동판교로 52번길 9-3(백현동),031-704-9222
1206,pelicana,서현분당점,경기,성남시,"경기 성남시 분당구 분당로 212, 상가동 102호(분당동, 샛별마을)",031-703-9285
1207,pelicana,정자점,경기,성남시,경기 성남시 분당구 내정로119번길36,031-719-2443
1208,pelicana,구미금곡점,경기,성남시,경기 성남시 분당구 미금일로 81,031-713-9288
1209,pelicana,휘닉스파크점,강원,평창군,"강원 평창군 봉평면 태기로 30, A동 2층 101호(아벨라상가)",033-333-1114
1210,pelicana,횡계점,강원,평창군,강원 평창군 대관령면 횡계리 321-12,033-335-3511
1211,pelicana,화촌점,강원,홍천군,강원 홍천군 화촌면 성산로134번길 15,033-432-8216
1212,pelicana,화천점,강원,화천군,강원 화천군 화천읍 중앙로1길14-1,033-441-6914
1213,pelicana,홍천점,강원,홍천군,강원 홍천군 홍천읍 꽃뫼로 137,033-433-5392
1214,pelicana,호산점,강원,삼척시,강원 삼척시 원덕읍 호산2길 67-1,033-572-9095
1215,pelicana,현리점,강원,인제군,강원 인제군 기린면 덕다리길 8,033-461-5406
1216,pelicana,학성점,강원,원주시,"강원 원주시 학성길 46, 상가동 1층 103호(학성동, 삼천리아파트)",033-744-2101
1217,pelicana,퇴계점,강원,춘천시,강원 춘천시 행촌로32번길 16(퇴계동),033-256-5149
1218,pelicana,태장소초점,강원,원주시,강원 원주시 소초면 치악로 2355,033-732-0095
1219,pelicana,태장1점,강원,원주시,강원 원주시 현충로 148(태장동),033-745-8800
1220,pelicana,태백점,강원,태백시,"강원 태백시 황지로 44. 107호(황지동, 우남연립)",033-553-4560
1221,pelicana,천곡점,강원,동해시,강원 동해시 감추로 16(천곡동),033-531-5445
1222,pelicana,영월중동점,강원,영월군,강원 영월군 산솔면 태백산로 1195,033-378-2200
1223,pelicana,주천점,강원,영월군,강원 영월군 주천면 주천면 주천로84번길 1,033-372-9262
1224,pelicana,조양점,강원,속초시,"강원 속초시 새마을길 5, 1층(조양동)",033-632-7111
1225,pelicana,정선점,강원,정선군,강원 정선군 정선읍 비봉로 58-1,033-563-4848
1226,pelicana,정선남면점,강원,정선군,강원 정선군 남면 문은단로 3,033-592-8288
1227,pelicana,정동진점,강원,강릉시,강원 강릉시 강동면 정동3길 46-4,033-644-5831
1228,pelicana,임원점,강원,삼척시,강원 삼척시 원덕읍 임원중앙로 37,033-573-6334
1229,pelicana,원주일산점,강원,원주시,"강원 원주시 무실로 50(일산동, 지상1층)",033-731-5688
1230,pelicana,인제점,강원,인제군,강원 인제군 인제읍 비봉로16번길 5,033-461-1666
1231,pelicana,원통점,강원,인제군,강원 인제군 북면 원통로147번길 32,033-461-9282
1232,pelicana,양양점,강원,양양군,강원 양양군 양양읍 남문7길 5,033-671-4743
1233,pelicana,양덕원점,강원,홍천군,강원 홍천군 남면 양덕원2길 30,033-432-0880
1234,pelicana,양구점,강원,양구군,강원 양구군 양구읍 사명길 66,033-481-9998
1235,pelicana,아야진점,강원,고성군,강원 고성군 토성면 아야진리 49-3,033-631-1130
1236,pelicana,영월쌍용점,강원,영월군,강원 영월군 한반도면 쌍용로 82-1,033-372-5261
1237,pelicana,신남점,강원,인제군,강원 인제군 남면 신남로48번길 19,033-461-8295
1238,pelicana,시동점,강원,홍천군,강원 홍천군 남면 시동안로 321,033-432-0939
1239,pelicana,수타사점,강원,홍천군,강원 홍천군 동면 속초길 6,033-436-9992
1240,pelicana,석사점,강원,춘천시,강원 춘천시 효석로67번길 18-1(석사동),033-262-6592
1241,pelicana,서면점,강원,홍천군,강원 홍천군 서면 팔봉산로 1180,033-434-5605
1242,pelicana,북방점,강원,홍천군,강원 홍천군 북방면 영서로 2706,033-434-8824
1243,pelicana,춘천부안점,강원,춘천시,강원 춘천시 보안길 42(후평동),033-251-1677
1244,pelicana,봉포점,강원,고성군,강원 고성군 토성면 토성로 65,033-635-7575
1245,pelicana,명륜점,강원,원주시,"강원 원주시 남원로527번길 66, 1층 (명륜동)",033-762-7778
1246,pelicana,마차점,강원,영월군,강원 영월군 북면 마차중앙1길 39-1,033-372-3940
1247,pelicana,동해본점,강원,동해시,"강원 동해시 해안로 635-4, 1층(발한동)",033-533-9383
1248,pelicana,동면점,강원,양구군,강원 양구군 동면 금강산로 1554,033-481-7130
1249,pelicana,단관점,강원,원주시,"강원 원주시 단관길 177-9(관설동, 1층)",033-766-9266
1250,pelicana,단계점,강원,원주시,강원 원주시 북원로2246번길 45(단계동),033-731-0101
1251,pelicana,내면점,강원,홍천군,강원 홍천군 내면 창촌로 33-1,033-432-1763
1252,pelicana,삼척남양점,강원,삼척시,"강원 삼척시 중앙시장길 68-26(남양동, 단층일부)",033-574-4582
1253,pelicana,남부점,강원,춘천시,강원 춘천시 공지로 354(효자동),033-254-3503
1254,pelicana,속초금호점,강원,속초시,강원 속초시 중앙로121번길 6(금호동),033-633-2239
1255,pelicana,근덕점,강원,삼척시,강원 삼척시 근덕면 교가길 22-9,033-573-9293
1256,pelicana,구곡점,강원,원주시,"강원 원주시 늘품로 8, 101호(단구동)",033-762-8989
1257,pelicana,속초교동점,강원,속초시,강원 속초시 교동 먹거리4길 33(교동),033-632-3370
1258,pelicana,계촌점,강원,평창군,강원 평창군 방림면 계촌길 58,033-333-9950
1259,pelicana,강현점,강원,양양군,강원 양양군 강현면 물치천로 12,033-671-4201
1260,pelicana,강대점,강원,춘천시,"강원 춘천시 서부 대성로 182-1, 1층(효자동)",033-251-7782
1261,pelicana,문혜리점,강원,철원군,강원 철원군 갈말읍 두루미로 100-1,033-452-5592
1262,pelicana,제천A점,충북,제천시,"충북 제천시 숭의로1길 2, 1층(화산동)",043-642-6992
1263,pelicana,광혜원점,충북,음성군,충북 음성군 대소면 대청로 15,043-535-9998
